a,b,px,py,I,xunit,yunit,xn,yn,x,y,U
0.3333333333333333,0.6666666666666667,1,1,6,1,1,13,13,1.9999999999999998,4.0,3.174802103936399
0.5,0.5,1,1,6,1,1,13,13,3.0,3.0,2.9999999999999996
0.6666666666666666,0.33333333333333337,1,1,6,1,1,13,13,4.0,2.0,3.174802103936399
0.25,0.75,1,1,8,1,1,13,13,2.0,6.0,4.559014113909555
0.5,0.5,1,1,8,1,1,13,13,4.0,4.0,4.0
0.75,0.25,1,1,8,1,1,13,13,6.0,2.0,4.559014113909555
0.3333333333333333,0.6666666666666667,1,1,9,1,1,13,13,2.9999999999999996,6.0,4.762203155904599
0.6666666666666666,0.33333333333333337,1,1,9,1,1,13,13,6.0,3.0,4.762203155904598
0.5,0.5,1,1,10,1,1,13,13,5.0,5.0,5.000000000000001
0.25,0.75,1,1,12,1,1,13,13,3.0,9.0,6.8385211708643325
0.3333333333333333,0.6666666666666667,1,1,12,1,1,13,13,3.9999999999999996,8.0,6.349604207872799
0.5,0.5,1,1,12,1,1,13,13,6.0,6.0,5.999999999999999
0.6666666666666666,0.33333333333333337,1,1,12,1,1,13,13,8.0,4.0,6.3496042078727974
0.75,0.25,1,1,12,1,1,13,13,9.0,3.0,6.8385211708643325
0.3333333333333333,0.6666666666666667,1,2,6,1,1,13,13,1.9999999999999998,2.0,2.0
0.6666666666666666,0.33333333333333337,1,2,6,1,1,13,13,4.0,1.0,2.5198420997897464
0.75,0.25,1,2,8,1,1,13,13,6.0,1.0,3.833658625477635
0.3333333333333333,0.6666666666666667,1,2,12,1,1,13,13,3.9999999999999996,4.0,4.0
0.5,0.5,1,2,12,1,1,13,13,6.0,3.0,4.242640687119285
0.6666666666666666,0.33333333333333337,1,2,12,1,1,13,13,8.0,2.0,5.039684199579492
0.3333333333333333,0.6666666666666667,1,3,9,1,1,13,13,2.9999999999999996,2.0,2.2894284851066637
0.6666666666666666,0.33333333333333337,1,3,9,1,1,13,13,6.0,1.0,3.3019272488946263
0.25,0.75,1,3,12,1,1,13,13,3.0,3.0,2.9999999999999996
0.5,0.5,1,3,12,1,1,13,13,6.0,2.0,3.4641016151377544
0.75,0.25,1,3,12,1,1,13,13,9.0,1.0,5.196152422706632
0.5,0.5,1,4,8,1,1,13,13,4.0,1.0,2.0
0.3333333333333333,0.6666666666666667,1,4,12,1,1,13,13,3.9999999999999996,2.0,2.5198420997897464
0.6666666666666666,0.33333333333333337,1,4,12,1,1,13,13,8.0,1.0,3.9999999999999996
0.5,0.5,1,5,10,1,1,13,13,5.0,1.0,2.23606797749979
0.5,0.5,1,6,12,1,1,13,13,6.0,1.0,2.449489742783178
0.3333333333333333,0.6666666666666667,2,1,6,1,1,13,13,0.9999999999999999,4.0,2.5198420997897464
0.6666666666666666,0.33333333333333337,2,1,6,1,1,13,13,2.0,2.0,2.0
0.25,0.75,2,1,8,1,1,13,13,1.0,6.0,3.833658625477635
0.3333333333333333,0.6666666666666667,2,1,12,1,1,13,13,1.9999999999999998,8.0,5.039684199579494
0.5,0.5,2,1,12,1,1,13,13,3.0,6.0,4.242640687119285
0.6666666666666666,0.33333333333333337,2,1,12,1,1,13,13,4.0,4.0,4.0
0.3333333333333333,0.6666666666666667,2,2,12,1,1,13,13,1.9999999999999998,4.0,3.174802103936399
0.5,0.5,2,2,12,1,1,13,13,3.0,3.0,2.9999999999999996
0.6666666666666666,0.33333333333333337,2,2,12,1,1,13,13,4.0,2.0,3.174802103936399
0.25,0.75,2,2,16,1,1,13,13,2.0,6.0,4.559014113909555
0.5,0.5,2,2,16,1,1,13,13,4.0,4.0,4.0
0.75,0.25,2,2,16,1,1,13,13,6.0,2.0,4.559014113909555
0.3333333333333333,0.6666666666666667,2,2,18,1,1,13,13,2.9999999999999996,6.0,4.762203155904599
0.6666666666666666,0.33333333333333337,2,2,18,1,1,13,13,6.0,3.0,4.762203155904598
0.5,0.5,2,2,20,1,1,13,13,5.0,5.0,5.000000000000001
0.25,0.75,2,2,24,1,1,13,13,3.0,9.0,6.8385211708643325
0.3333333333333333,0.6666666666666667,2,2,24,1,1,13,13,3.9999999999999996,8.0,6.349604207872799
0.5,0.5,2,2,24,1,1,13,13,6.0,6.0,5.999999999999999
0.6666666666666666,0.33333333333333337,2,2,24,1,1,13,13,8.0,4.0,6.3496042078727974
0.75,0.25,2,2,24,1,1,13,13,9.0,3.0,6.8385211708643325
0.5,0.5,2,3,12,1,1,13,13,3.0,2.0,2.4494897427831783
0.3333333333333333,0.6666666666666667,2,3,18,1,1,13,13,2.9999999999999996,4.0,3.6342411856642793
0.6666666666666666,0.33333333333333337,2,3,18,1,1,13,13,6.0,2.0,4.160167646103808
0.25,0.75,2,3,24,1,1,13,13,3.0,6.0,5.045378491522287
0.5,0.5,2,3,24,1,1,13,13,6.0,4.0,4.898979485566356
0.75,0.25,2,3,24,1,1,13,13,9.0,2.0,6.1793014317213535
0.3333333333333333,0.6666666666666667,2,4,12,1,1,13,13,1.9999999999999998,2.0,2.0
0.6666666666666666,0.33333333333333337,2,4,12,1,1,13,13,4.0,1.0,2.5198420997897464
0.75,0.25,2,4,16,1,1,13,13,6.0,1.0,3.833658625477635
0.3333333333333333,0.6666666666666667,2,4,24,1,1,13,13,3.9999999999999996,4.0,4.0
0.5,0.5,2,4,24,1,1,13,13,6.0,3.0,4.242640687119285
0.6666666666666666,0.33333333333333337,2,4,24,1,1,13,13,8.0,2.0,5.039684199579492
0.5,0.5,2,5,20,1,1,13,13,5.0,2.0,3.1622776601683795
0.3333333333333333,0.6666666666666667,2,6,18,1,1,13,13,2.9999999999999996,2.0,2.2894284851066637
0.6666666666666666,0.33333333333333337,2,6,18,1,1,13,13,6.0,1.0,3.3019272488946263
0.25,0.75,2,6,24,1,1,13,13,3.0,3.0,2.9999999999999996
0.5,0.5,2,6,24,1,1,13,13,6.0,2.0,3.4641016151377544
0.75,0.25,2,6,24,1,1,13,13,9.0,1.0,5.196152422706632
0.3333333333333333,0.6666666666666667,3,1,9,1,1,13,13,0.9999999999999998,6.0,3.3019272488946267
0.6666666666666666,0.33333333333333337,3,1,9,1,1,13,13,2.0,3.0,2.2894284851066637
0.25,0.75,3,1,12,1,1,13,13,1.0,9.0,5.196152422706632
0.5,0.5,3,1,12,1,1,13,13,2.0,6.0,3.4641016151377544
0.75,0.25,3,1,12,1,1,13,13,3.0,3.0,2.9999999999999996
0.5,0.5,3,2,12,1,1,13,13,2.0,3.0,2.4494897427831783
0.3333333333333333,0.6666666666666667,3,2,18,1,1,13,13,1.9999999999999996,6.0,4.160167646103808
0.6666666666666666,0.33333333333333337,3,2,18,1,1,13,13,4.0,3.0,3.63424118566428
0.25,0.75,3,2,24,1,1,13,13,2.0,9.0,6.1793014317213535
0.5,0.5,3,2,24,1,1,13,13,4.0,6.0,4.898979485566356
0.75,0.25,3,2,24,1,1,13,13,6.0,3.0,5.045378491522287
0.3333333333333333,0.6666666666666667,3,3,18,1,1,13,13,1.9999999999999996,4.0,3.1748021039363987
0.5,0.5,3,3,18,1,1,13,13,3.0,3.0,2.9999999999999996
0.6666666666666666,0.33333333333333337,3,3,18,1,1,13,13,4.0,2.0,3.174802103936399
0.25,0.75,3,3,24,1,1,13,13,2.0,6.0,4.559014113909555
0.5,0.5,3,3,24,1,1,13,13,4.0,4.0,4.0
0.75,0.25,3,3,24,1,1,13,13,6.0,2.0,4.559014113909555
0.3333333333333333,0.6666666666666667,3,3,27,1,1,13,13,2.9999999999999996,6.0,4.762203155904599
0.6666666666666666,0.33333333333333337,3,3,27,1,1,13,13,6.0,3.0,4.762203155904598
0.5,0.5,3,3,30,1,1,13,13,5.0,5.0,5.000000000000001
0.25,0.75,3,3,36,1,1,13,13,3.0,9.0,6.8385211708643325
0.3333333333333333,0.6666666666666667,3,3,36,1,1,13,13,3.999999999999999,8.0,6.349604207872799
0.5,0.5,3,3,36,1,1,13,13,6.0,6.0,5.999999999999999
0.6666666666666666,0.33333333333333337,3,3,36,1,1,13,13,8.0,4.0,6.3496042078727974
0.75,0.25,3,3,36,1,1,13,13,9.0,3.0,6.8385211708643325
0.5,0.5,3,4,24,1,1,13,13,4.0,3.0,3.4641016151377544
0.3333333333333333,0.6666666666666667,3,4,36,1,1,13,13,3.999999999999999,6.0,5.241482788417794
0.6666666666666666,0.33333333333333337,3,4,36,1,1,13,13,8.0,3.0,5.768998281229633
0.5,0.5,3,5,30,1,1,13,13,5.0,3.0,3.872983346207417
0.3333333333333333,0.6666666666666667,3,6,18,1,1,13,13,1.9999999999999996,2.0,1.9999999999999998
0.6666666666666666,0.33333333333333337,3,6,18,1,1,13,13,4.0,1.0,2.5198420997897464
0.75,0.25,3,6,24,1,1,13,13,6.0,1.0,3.833658625477635
0.3333333333333333,0.6666666666666667,3,6,36,1,1,13,13,3.999999999999999,4.0,4.0
0.5,0.5,3,6,36,1,1,13,13,6.0,3.0,4.242640687119285
0.6666666666666666,0.33333333333333337,3,6,36,1,1,13,13,8.0,2.0,5.039684199579492
0.5,0.5,4,1,8,1,1,13,13,1.0,4.0,2.0
0.3333333333333333,0.6666666666666667,4,1,12,1,1,13,13,0.9999999999999999,8.0,4.000000000000001
0.6666666666666666,0.33333333333333337,4,1,12,1,1,13,13,2.0,4.0,2.5198420997897464
0.3333333333333333,0.6666666666666667,4,2,12,1,1,13,13,0.9999999999999999,4.0,2.5198420997897464
0.6666666666666666,0.33333333333333337,4,2,12,1,1,13,13,2.0,2.0,2.0
0.25,0.75,4,2,16,1,1,13,13,1.0,6.0,3.833658625477635
0.3333333333333333,0.6666666666666667,4,2,24,1,1,13,13,1.9999999999999998,8.0,5.039684199579494
0.5,0.5,4,2,24,1,1,13,13,3.0,6.0,4.242640687119285
0.6666666666666666,0.33333333333333337,4,2,24,1,1,13,13,4.0,4.0,4.0
0.5,0.5,4,3,24,1,1,13,13,3.0,4.0,3.4641016151377544
0.3333333333333333,0.6666666666666667,4,3,36,1,1,13,13,2.9999999999999996,8.0,5.768998281229634
0.6666666666666666,0.33333333333333337,4,3,36,1,1,13,13,6.0,4.0,5.241482788417793
0.3333333333333333,0.6666666666666667,4,4,24,1,1,13,13,1.9999999999999998,4.0,3.174802103936399
0.5,0.5,4,4,24,1,1,13,13,3.0,3.0,2.9999999999999996
0.6666666666666666,0.33333333333333337,4,4,24,1,1,13,13,4.0,2.0,3.174802103936399
0.25,0.75,4,4,32,1,1,13,13,2.0,6.0,4.559014113909555
0.5,0.5,4,4,32,1,1,13,13,4.0,4.0,4.0
0.75,0.25,4,4,32,1,1,13,13,6.0,2.0,4.559014113909555
0.3333333333333333,0.6666666666666667,4,4,36,1,1,13,13,2.9999999999999996,6.0,4.762203155904599
0.6666666666666666,0.33333333333333337,4,4,36,1,1,13,13,6.0,3.0,4.762203155904598
0.5,0.5,4,4,40,1,1,13,13,5.0,5.0,5.000000000000001
0.25,0.75,4,4,48,1,1,13,13,3.0,9.0,6.8385211708643325
0.3333333333333333,0.6666666666666667,4,4,48,1,1,13,13,3.9999999999999996,8.0,6.349604207872799
0.5,0.5,4,4,48,1,1,13,13,6.0,6.0,5.999999999999999
0.6666666666666666,0.33333333333333337,4,4,48,1,1,13,13,8.0,4.0,6.3496042078727974
0.75,0.25,4,4,48,1,1,13,13,9.0,3.0,6.8385211708643325
0.5,0.5,4,5,40,1,1,13,13,5.0,4.0,4.47213595499958
0.5,0.5,4,6,24,1,1,13,13,3.0,2.0,2.4494897427831783
0.3333333333333333,0.6666666666666667,4,6,36,1,1,13,13,2.9999999999999996,4.0,3.6342411856642793
0.6666666666666666,0.33333333333333337,4,6,36,1,1,13,13,6.0,2.0,4.160167646103808
0.25,0.75,4,6,48,1,1,13,13,3.0,6.0,5.045378491522287
0.5,0.5,4,6,48,1,1,13,13,6.0,4.0,4.898979485566356
0.75,0.25,4,6,48,1,1,13,13,9.0,2.0,6.1793014317213535
0.5,0.5,5,1,10,1,1,13,13,1.0,5.0,2.23606797749979
0.5,0.5,5,2,20,1,1,13,13,2.0,5.0,3.1622776601683795
0.5,0.5,5,3,30,1,1,13,13,3.0,5.0,3.872983346207417
0.5,0.5,5,4,40,1,1,13,13,4.0,5.0,4.47213595499958
0.3333333333333333,0.6666666666666667,5,5,30,1,1,13,13,1.9999999999999998,4.0,3.174802103936399
0.5,0.5,5,5,30,1,1,13,13,3.0,3.0,2.9999999999999996
0.6666666666666666,0.33333333333333337,5,5,30,1,1,13,13,4.0,2.0,3.174802103936399
0.25,0.75,5,5,40,1,1,13,13,2.0,6.000000000000001,4.559014113909556
0.5,0.5,5,5,40,1,1,13,13,4.0,4.0,4.0
0.75,0.25,5,5,40,1,1,13,13,6.000000000000001,2.0,4.559014113909556
0.3333333333333333,0.6666666666666667,5,5,45,1,1,13,13,2.9999999999999996,6.0,4.762203155904599
0.6666666666666666,0.33333333333333337,5,5,45,1,1,13,13,6.0,3.0,4.762203155904598
0.5,0.5,5,5,50,1,1,13,13,5.0,5.0,5.000000000000001
0.25,0.75,5,5,60,1,1,13,13,3.0,9.0,6.8385211708643325
0.3333333333333333,0.6666666666666667,5,5,60,1,1,13,13,3.9999999999999996,8.0,6.349604207872799
0.5,0.5,5,5,60,1,1,13,13,6.0,6.0,5.999999999999999
0.6666666666666666,0.33333333333333337,5,5,60,1,1,13,13,8.0,4.0,6.3496042078727974
0.75,0.25,5,5,60,1,1,13,13,9.0,3.0,6.8385211708643325
0.5,0.5,5,6,60,1,1,13,13,6.0,5.0,5.477225575051661
0.5,0.5,6,1,12,1,1,13,13,1.0,6.0,2.449489742783178
0.3333333333333333,0.6666666666666667,6,2,18,1,1,13,13,0.9999999999999998,6.0,3.3019272488946267
0.6666666666666666,0.33333333333333337,6,2,18,1,1,13,13,2.0,3.0,2.2894284851066637
0.25,0.75,6,2,24,1,1,13,13,1.0,9.0,5.196152422706632
0.5,0.5,6,2,24,1,1,13,13,2.0,6.0,3.4641016151377544
0.75,0.25,6,2,24,1,1,13,13,3.0,3.0,2.9999999999999996
0.3333333333333333,0.6666666666666667,6,3,18,1,1,13,13,0.9999999999999998,4.0,2.519842099789746
0.6666666666666666,0.33333333333333337,6,3,18,1,1,13,13,2.0,2.0,2.0
0.25,0.75,6,3,24,1,1,13,13,1.0,6.0,3.833658625477635
0.3333333333333333,0.6666666666666667,6,3,36,1,1,13,13,1.9999999999999996,8.0,5.039684199579493
0.5,0.5,6,3,36,1,1,13,13,3.0,6.0,4.242640687119285
0.6666666666666666,0.33333333333333337,6,3,36,1,1,13,13,4.0,4.0,4.0
0.5,0.5,6,4,24,1,1,13,13,2.0,3.0,2.4494897427831783
0.3333333333333333,0.6666666666666667,6,4,36,1,1,13,13,1.9999999999999996,6.0,4.160167646103808
0.6666666666666666,0.33333333333333337,6,4,36,1,1,13,13,4.0,3.0,3.63424118566428
0.25,0.75,6,4,48,1,1,13,13,2.0,9.0,6.1793014317213535
0.5,0.5,6,4,48,1,1,13,13,4.0,6.0,4.898979485566356
0.75,0.25,6,4,48,1,1,13,13,6.0,3.0,5.045378491522287
0.5,0.5,6,5,60,1,1,13,13,5.0,6.0,5.477225575051661
0.3333333333333333,0.6666666666666667,6,6,36,1,1,13,13,1.9999999999999996,4.0,3.1748021039363987
0.5,0.5,6,6,36,1,1,13,13,3.0,3.0,2.9999999999999996
0.6666666666666666,0.33333333333333337,6,6,36,1,1,13,13,4.0,2.0,3.174802103936399
0.25,0.75,6,6,48,1,1,13,13,2.0,6.0,4.559014113909555
0.5,0.5,6,6,48,1,1,13,13,4.0,4.0,4.0
0.75,0.25,6,6,48,1,1,13,13,6.0,2.0,4.559014113909555
0.3333333333333333,0.6666666666666667,6,6,54,1,1,13,13,2.9999999999999996,6.0,4.762203155904599
0.6666666666666666,0.33333333333333337,6,6,54,1,1,13,13,6.0,3.0,4.762203155904598
0.5,0.5,6,6,60,1,1,13,13,5.0,5.0,5.000000000000001
0.25,0.75,6,6,72,1,1,13,13,3.0,9.0,6.8385211708643325
0.3333333333333333,0.6666666666666667,6,6,72,1,1,13,13,3.999999999999999,8.0,6.349604207872799
0.5,0.5,6,6,72,1,1,13,13,6.0,6.0,5.999999999999999
0.6666666666666666,0.33333333333333337,6,6,72,1,1,13,13,8.0,4.0,6.3496042078727974
0.75,0.25,6,6,72,1,1,13,13,9.0,3.0,6.8385211708643325
0.3333333333333333,0.6666666666666667,1,1,12,2,2,13,13,3.9999999999999996,8.0,6.349604207872799
0.5,0.5,1,1,12,2,2,13,13,6.0,6.0,5.999999999999999
0.6666666666666666,0.33333333333333337,1,1,12,2,2,13,13,8.0,4.0,6.3496042078727974
0.25,0.75,1,1,16,2,2,13,13,4.0,12.0,9.118028227819112
0.5,0.5,1,1,16,2,2,13,13,8.0,8.0,8.000000000000002
0.75,0.25,1,1,16,2,2,13,13,12.0,4.0,9.118028227819112
0.3333333333333333,0.6666666666666667,1,1,18,2,2,13,13,5.999999999999999,12.0,9.524406311809198
0.6666666666666666,0.33333333333333337,1,1,18,2,2,13,13,12.0,6.0,9.524406311809196
0.5,0.5,1,1,20,2,2,13,13,10.0,10.0,10.000000000000002
0.25,0.75,1,1,24,2,2,13,13,6.0,18.0,13.677042341728665
0.3333333333333333,0.6666666666666667,1,1,24,2,2,13,13,7.999999999999999,16.0,12.699208415745597
0.5,0.5,1,1,24,2,2,13,13,12.0,12.0,11.999999999999998
0.6666666666666666,0.33333333333333337,1,1,24,2,2,13,13,16.0,8.0,12.699208415745595
0.75,0.25,1,1,24,2,2,13,13,18.0,6.0,13.677042341728665
0.3333333333333333,0.6666666666666667,1,2,12,2,2,13,13,3.9999999999999996,4.0,4.0
0.6666666666666666,0.33333333333333337,1,2,12,2,2,13,13,8.0,2.0,5.039684199579492
0.75,0.25,1,2,16,2,2,13,13,12.0,2.0,7.66731725095527
0.3333333333333333,0.6666666666666667,1,2,24,2,2,13,13,7.999999999999999,8.0,8.0
0.5,0.5,1,2,24,2,2,13,13,12.0,6.0,8.48528137423857
0.6666666666666666,0.33333333333333337,1,2,24,2,2,13,13,16.0,4.0,10.079368399158986
0.3333333333333333,0.6666666666666667,1,3,18,2,2,13,13,5.999999999999999,4.0,4.578856970213327
0.6666666666666666,0.33333333333333337,1,3,18,2,2,13,13,12.0,2.0,6.603854497789253
0.25,0.75,1,3,24,2,2,13,13,6.0,6.0,6.0
0.5,0.5,1,3,24,2,2,13,13,12.0,4.0,6.928203230275509
0.75,0.25,1,3,24,2,2,13,13,18.0,2.0,10.392304845413262
0.5,0.5,1,4,16,2,2,13,13,8.0,2.0,4.000000000000001
0.3333333333333333,0.6666666666666667,1,4,24,2,2,13,13,7.999999999999999,4.0,5.039684199579492
0.6666666666666666,0.33333333333333337,1,4,24,2,2,13,13,16.0,2.0,8.0
0.5,0.5,1,5,20,2,2,13,13,10.0,2.0,4.47213595499958
0.5,0.5,1,6,24,2,2,13,13,12.0,2.0,4.898979485566357
0.3333333333333333,0.6666666666666667,2,1,12,2,2,13,13,1.9999999999999998,8.0,5.039684199579494
0.6666666666666666,0.33333333333333337,2,1,12,2,2,13,13,4.0,4.0,4.0
0.25,0.75,2,1,16,2,2,13,13,2.0,12.0,7.66731725095527
0.3333333333333333,0.6666666666666667,2,1,24,2,2,13,13,3.9999999999999996,16.0,10.079368399158987
0.5,0.5,2,1,24,2,2,13,13,6.0,12.0,8.48528137423857
0.6666666666666666,0.33333333333333337,2,1,24,2,2,13,13,8.0,8.0,7.999999999999999
0.3333333333333333,0.6666666666666667,2,2,24,2,2,13,13,3.9999999999999996,8.0,6.349604207872799
0.5,0.5,2,2,24,2,2,13,13,6.0,6.0,5.999999999999999
0.6666666666666666,0.33333333333333337,2,2,24,2,2,13,13,8.0,4.0,6.3496042078727974
0.25,0.75,2,2,32,2,2,13,13,4.0,12.0,9.118028227819112
0.5,0.5,2,2,32,2,2,13,13,8.0,8.0,8.000000000000002
0.75,0.25,2,2,32,2,2,13,13,12.0,4.0,9.118028227819112
0.3333333333333333,0.6666666666666667,2,2,36,2,2,13,13,5.999999999999999,12.0,9.524406311809198
0.6666666666666666,0.33333333333333337,2,2,36,2,2,13,13,12.0,6.0,9.524406311809196
0.5,0.5,2,2,40,2,2,13,13,10.0,10.0,10.000000000000002
0.25,0.75,2,2,48,2,2,13,13,6.0,18.0,13.677042341728665
0.3333333333333333,0.6666666666666667,2,2,48,2,2,13,13,7.999999999999999,16.0,12.699208415745597
0.5,0.5,2,2,48,2,2,13,13,12.0,12.0,11.999999999999998
0.6666666666666666,0.33333333333333337,2,2,48,2,2,13,13,16.0,8.0,12.699208415745595
0.75,0.25,2,2,48,2,2,13,13,18.0,6.0,13.677042341728665
0.5,0.5,2,3,24,2,2,13,13,6.0,4.0,4.898979485566356
0.3333333333333333,0.6666666666666667,2,3,36,2,2,13,13,5.999999999999999,8.0,7.26848237132856
0.6666666666666666,0.33333333333333337,2,3,36,2,2,13,13,12.0,4.0,8.320335292207616
0.25,0.75,2,3,48,2,2,13,13,6.0,12.0,10.090756983044574
0.5,0.5,2,3,48,2,2,13,13,12.0,8.0,9.797958971132713
0.75,0.25,2,3,48,2,2,13,13,18.0,4.0,12.358602863442707
0.3333333333333333,0.6666666666666667,2,4,24,2,2,13,13,3.9999999999999996,4.0,4.0
0.6666666666666666,0.33333333333333337,2,4,24,2,2,13,13,8.0,2.0,5.039684199579492
0.75,0.25,2,4,32,2,2,13,13,12.0,2.0,7.66731725095527
0.3333333333333333,0.6666666666666667,2,4,48,2,2,13,13,7.999999999999999,8.0,8.0
0.5,0.5,2,4,48,2,2,13,13,12.0,6.0,8.48528137423857
0.6666666666666666,0.33333333333333337,2,4,48,2,2,13,13,16.0,4.0,10.079368399158986
0.5,0.5,2,5,40,2,2,13,13,10.0,4.0,6.324555320336759
0.3333333333333333,0.6666666666666667,2,6,36,2,2,13,13,5.999999999999999,4.0,4.578856970213327
0.6666666666666666,0.33333333333333337,2,6,36,2,2,13,13,12.0,2.0,6.603854497789253
0.25,0.75,2,6,48,2,2,13,13,6.0,6.0,6.0
0.5,0.5,2,6,48,2,2,13,13,12.0,4.0,6.928203230275509
0.75,0.25,2,6,48,2,2,13,13,18.0,2.0,10.392304845413262
0.3333333333333333,0.6666666666666667,3,1,18,2,2,13,13,1.9999999999999996,12.0,6.603854497789254
0.6666666666666666,0.33333333333333337,3,1,18,2,2,13,13,4.0,6.0,4.5788569702133275
0.25,0.75,3,1,24,2,2,13,13,2.0,18.0,10.392304845413262
0.5,0.5,3,1,24,2,2,13,13,4.0,12.0,6.928203230275509
0.75,0.25,3,1,24,2,2,13,13,6.0,6.0,6.0
0.5,0.5,3,2,24,2,2,13,13,4.0,6.0,4.898979485566356
0.3333333333333333,0.6666666666666667,3,2,36,2,2,13,13,3.999999999999999,12.0,8.320335292207618
0.6666666666666666,0.33333333333333337,3,2,36,2,2,13,13,8.0,6.0,7.268482371328558
0.25,0.75,3,2,48,2,2,13,13,4.0,18.0,12.358602863442707
0.5,0.5,3,2,48,2,2,13,13,8.0,12.0,9.797958971132713
0.75,0.25,3,2,48,2,2,13,13,12.0,6.0,10.090756983044574
0.3333333333333333,0.6666666666666667,3,3,36,2,2,13,13,3.999999999999999,8.0,6.349604207872799
0.5,0.5,3,3,36,2,2,13,13,6.0,6.0,5.999999999999999
0.6666666666666666,0.33333333333333337,3,3,36,2,2,13,13,8.0,4.0,6.3496042078727974
0.25,0.75,3,3,48,2,2,13,13,4.0,12.0,9.118028227819112
0.5,0.5,3,3,48,2,2,13,13,8.0,8.0,8.000000000000002
0.75,0.25,3,3,48,2,2,13,13,12.0,4.0,9.118028227819112
0.3333333333333333,0.6666666666666667,3,3,54,2,2,13,13,5.999999999999999,12.0,9.524406311809198
0.6666666666666666,0.33333333333333337,3,3,54,2,2,13,13,12.0,6.0,9.524406311809196
0.5,0.5,3,3,60,2,2,13,13,10.0,10.0,10.000000000000002
0.25,0.75,3,3,72,2,2,13,13,6.0,18.0,13.677042341728665
0.3333333333333333,0.6666666666666667,3,3,72,2,2,13,13,7.999999999999998,16.0,12.699208415745597
0.5,0.5,3,3,72,2,2,13,13,12.0,12.0,11.999999999999998
0.6666666666666666,0.33333333333333337,3,3,72,2,2,13,13,16.0,8.0,12.699208415745595
0.75,0.25,3,3,72,2,2,13,13,18.0,6.0,13.677042341728665
0.5,0.5,3,4,48,2,2,13,13,8.0,6.0,6.928203230275509
0.3333333333333333,0.6666666666666667,3,4,72,2,2,13,13,7.999999999999998,12.0,10.482965576835587
0.6666666666666666,0.33333333333333337,3,4,72,2,2,13,13,16.0,6.0,11.537996562459266
0.5,0.5,3,5,60,2,2,13,13,10.0,6.0,7.745966692414833
0.3333333333333333,0.6666666666666667,3,6,36,2,2,13,13,3.999999999999999,4.0,4.0
0.6666666666666666,0.33333333333333337,3,6,36,2,2,13,13,8.0,2.0,5.039684199579492
0.75,0.25,3,6,48,2,2,13,13,12.0,2.0,7.66731725095527
0.3333333333333333,0.6666666666666667,3,6,72,2,2,13,13,7.999999999999998,8.0,8.0
0.5,0.5,3,6,72,2,2,13,13,12.0,6.0,8.48528137423857
0.6666666666666666,0.33333333333333337,3,6,72,2,2,13,13,16.0,4.0,10.079368399158986
0.5,0.5,4,1,16,2,2,13,13,2.0,8.0,4.000000000000001
0.3333333333333333,0.6666666666666667,4,1,24,2,2,13,13,1.9999999999999998,16.0,8.000000000000002
0.6666666666666666,0.33333333333333337,4,1,24,2,2,13,13,4.0,8.0,5.039684199579493
0.3333333333333333,0.6666666666666667,4,2,24,2,2,13,13,1.9999999999999998,8.0,5.039684199579494
0.6666666666666666,0.33333333333333337,4,2,24,2,2,13,13,4.0,4.0,4.0
0.25,0.75,4,2,32,2,2,13,13,2.0,12.0,7.66731725095527
0.3333333333333333,0.6666666666666667,4,2,48,2,2,13,13,3.9999999999999996,16.0,10.079368399158987
0.5,0.5,4,2,48,2,2,13,13,6.0,12.0,8.48528137423857
0.6666666666666666,0.33333333333333337,4,2,48,2,2,13,13,8.0,8.0,7.999999999999999
0.5,0.5,4,3,48,2,2,13,13,6.0,8.0,6.928203230275509
0.3333333333333333,0.6666666666666667,4,3,72,2,2,13,13,5.999999999999999,16.0,11.537996562459268
0.6666666666666666,0.33333333333333337,4,3,72,2,2,13,13,12.0,8.0,10.482965576835586
0.3333333333333333,0.6666666666666667,4,4,48,2,2,13,13,3.9999999999999996,8.0,6.349604207872799
0.5,0.5,4,4,48,2,2,13,13,6.0,6.0,5.999999999999999
0.6666666666666666,0.33333333333333337,4,4,48,2,2,13,13,8.0,4.0,6.3496042078727974
0.25,0.75,4,4,64,2,2,13,13,4.0,12.0,9.118028227819112
0.5,0.5,4,4,64,2,2,13,13,8.0,8.0,8.000000000000002
0.75,0.25,4,4,64,2,2,13,13,12.0,4.0,9.118028227819112
0.3333333333333333,0.6666666666666667,4,4,72,2,2,13,13,5.999999999999999,12.0,9.524406311809198
0.6666666666666666,0.33333333333333337,4,4,72,2,2,13,13,12.0,6.0,9.524406311809196
0.5,0.5,4,4,80,2,2,13,13,10.0,10.0,10.000000000000002
0.25,0.75,4,4,96,2,2,13,13,6.0,18.0,13.677042341728665
0.3333333333333333,0.6666666666666667,4,4,96,2,2,13,13,7.999999999999999,16.0,12.699208415745597
0.5,0.5,4,4,96,2,2,13,13,12.0,12.0,11.999999999999998
0.6666666666666666,0.33333333333333337,4,4,96,2,2,13,13,16.0,8.0,12.699208415745595
0.75,0.25,4,4,96,2,2,13,13,18.0,6.0,13.677042341728665
0.5,0.5,4,5,80,2,2,13,13,10.0,8.0,8.94427190999916
0.5,0.5,4,6,48,2,2,13,13,6.0,4.0,4.898979485566356
0.3333333333333333,0.6666666666666667,4,6,72,2,2,13,13,5.999999999999999,8.0,7.26848237132856
0.6666666666666666,0.33333333333333337,4,6,72,2,2,13,13,12.0,4.0,8.320335292207616
0.25,0.75,4,6,96,2,2,13,13,6.0,12.0,10.090756983044574
0.5,0.5,4,6,96,2,2,13,13,12.0,8.0,9.797958971132713
0.75,0.25,4,6,96,2,2,13,13,18.0,4.0,12.358602863442707
0.5,0.5,5,1,20,2,2,13,13,2.0,10.0,4.47213595499958
0.5,0.5,5,2,40,2,2,13,13,4.0,10.0,6.324555320336759
0.5,0.5,5,3,60,2,2,13,13,6.0,10.0,7.745966692414833
0.5,0.5,5,4,80,2,2,13,13,8.0,10.0,8.94427190999916
0.3333333333333333,0.6666666666666667,5,5,60,2,2,13,13,3.9999999999999996,8.0,6.349604207872799
0.5,0.5,5,5,60,2,2,13,13,6.0,6.0,5.999999999999999
0.6666666666666666,0.33333333333333337,5,5,60,2,2,13,13,8.0,4.0,6.3496042078727974
0.25,0.75,5,5,80,2,2,13,13,4.0,12.000000000000002,9.118028227819112
0.5,0.5,5,5,80,2,2,13,13,8.0,8.0,8.000000000000002
0.75,0.25,5,5,80,2,2,13,13,12.000000000000002,4.0,9.118028227819112
0.3333333333333333,0.6666666666666667,5,5,90,2,2,13,13,5.999999999999999,12.0,9.524406311809198
0.6666666666666666,0.33333333333333337,5,5,90,2,2,13,13,12.0,6.0,9.524406311809196
0.5,0.5,5,5,100,2,2,13,13,10.0,10.0,10.000000000000002
0.25,0.75,5,5,120,2,2,13,13,6.0,18.0,13.677042341728665
0.3333333333333333,0.6666666666666667,5,5,120,2,2,13,13,7.999999999999999,16.0,12.699208415745597
0.5,0.5,5,5,120,2,2,13,13,12.0,12.0,11.999999999999998
0.6666666666666666,0.33333333333333337,5,5,120,2,2,13,13,16.0,8.0,12.699208415745595
0.75,0.25,5,5,120,2,2,13,13,18.0,6.0,13.677042341728665
0.5,0.5,5,6,120,2,2,13,13,12.0,10.0,10.954451150103322
0.5,0.5,6,1,24,2,2,13,13,2.0,12.0,4.898979485566357
0.3333333333333333,0.6666666666666667,6,2,36,2,2,13,13,1.9999999999999996,12.0,6.603854497789254
0.6666666666666666,0.33333333333333337,6,2,36,2,2,13,13,4.0,6.0,4.5788569702133275
0.25,0.75,6,2,48,2,2,13,13,2.0,18.0,10.392304845413262
0.5,0.5,6,2,48,2,2,13,13,4.0,12.0,6.928203230275509
0.75,0.25,6,2,48,2,2,13,13,6.0,6.0,6.0
0.3333333333333333,0.6666666666666667,6,3,36,2,2,13,13,1.9999999999999996,8.0,5.039684199579493
0.6666666666666666,0.33333333333333337,6,3,36,2,2,13,13,4.0,4.0,4.0
0.25,0.75,6,3,48,2,2,13,13,2.0,12.0,7.66731725095527
0.3333333333333333,0.6666666666666667,6,3,72,2,2,13,13,3.999999999999999,16.0,10.079368399158987
0.5,0.5,6,3,72,2,2,13,13,6.0,12.0,8.48528137423857
0.6666666666666666,0.33333333333333337,6,3,72,2,2,13,13,8.0,8.0,7.999999999999999
0.5,0.5,6,4,48,2,2,13,13,4.0,6.0,4.898979485566356
0.3333333333333333,0.6666666666666667,6,4,72,2,2,13,13,3.999999999999999,12.0,8.320335292207618
0.6666666666666666,0.33333333333333337,6,4,72,2,2,13,13,8.0,6.0,7.268482371328558
0.25,0.75,6,4,96,2,2,13,13,4.0,18.0,12.358602863442707
0.5,0.5,6,4,96,2,2,13,13,8.0,12.0,9.797958971132713
0.75,0.25,6,4,96,2,2,13,13,12.0,6.0,10.090756983044574
0.5,0.5,6,5,120,2,2,13,13,10.0,12.0,10.954451150103322
0.3333333333333333,0.6666666666666667,6,6,72,2,2,13,13,3.999999999999999,8.0,6.349604207872799
0.5,0.5,6,6,72,2,2,13,13,6.0,6.0,5.999999999999999
0.6666666666666666,0.33333333333333337,6,6,72,2,2,13,13,8.0,4.0,6.3496042078727974
0.25,0.75,6,6,96,2,2,13,13,4.0,12.0,9.118028227819112
0.5,0.5,6,6,96,2,2,13,13,8.0,8.0,8.000000000000002
0.75,0.25,6,6,96,2,2,13,13,12.0,4.0,9.118028227819112
0.3333333333333333,0.6666666666666667,6,6,108,2,2,13,13,5.999999999999999,12.0,9.524406311809198
0.6666666666666666,0.33333333333333337,6,6,108,2,2,13,13,12.0,6.0,9.524406311809196
0.5,0.5,6,6,120,2,2,13,13,10.0,10.0,10.000000000000002
0.25,0.75,6,6,144,2,2,13,13,6.0,18.0,13.677042341728665
0.3333333333333333,0.6666666666666667,6,6,144,2,2,13,13,7.999999999999998,16.0,12.699208415745597
0.5,0.5,6,6,144,2,2,13,13,12.0,12.0,11.999999999999998
0.6666666666666666,0.33333333333333337,6,6,144,2,2,13,13,16.0,8.0,12.699208415745595
0.75,0.25,6,6,144,2,2,13,13,18.0,6.0,13.677042341728665
0.3333333333333333,0.6666666666666667,1,1,30,5,5,13,13,9.999999999999998,20.0,15.874010519681995
0.5,0.5,1,1,30,5,5,13,13,15.0,15.0,15.000000000000002
0.6666666666666666,0.33333333333333337,1,1,30,5,5,13,13,20.0,10.0,15.874010519681994
0.25,0.75,1,1,40,5,5,13,13,10.0,30.0,22.795070569547775
0.5,0.5,1,1,40,5,5,13,13,20.0,20.0,20.000000000000004
0.75,0.25,1,1,40,5,5,13,13,30.0,10.0,22.795070569547775
0.3333333333333333,0.6666666666666667,1,1,45,5,5,13,13,14.999999999999998,30.0,23.811015779522997
0.6666666666666666,0.33333333333333337,1,1,45,5,5,13,13,30.0,15.0,23.811015779522993
0.5,0.5,1,1,50,5,5,13,13,25.0,25.0,25.0
0.25,0.75,1,1,60,5,5,13,13,15.0,45.0,34.19260585432166
0.3333333333333333,0.6666666666666667,1,1,60,5,5,13,13,19.999999999999996,40.0,31.748021039363994
0.5,0.5,1,1,60,5,5,13,13,30.0,30.0,30.0
0.6666666666666666,0.33333333333333337,1,1,60,5,5,13,13,40.0,20.0,31.748021039363987
0.75,0.25,1,1,60,5,5,13,13,45.0,15.0,34.19260585432166
0.3333333333333333,0.6666666666666667,1,2,30,5,5,13,13,9.999999999999998,10.0,10.0
0.6666666666666666,0.33333333333333337,1,2,30,5,5,13,13,20.0,5.0,12.59921049894873
0.75,0.25,1,2,40,5,5,13,13,30.0,5.0,19.16829312738817
0.3333333333333333,0.6666666666666667,1,2,60,5,5,13,13,19.999999999999996,20.0,20.0
0.5,0.5,1,2,60,5,5,13,13,30.0,15.0,21.213203435596427
0.6666666666666666,0.33333333333333337,1,2,60,5,5,13,13,40.0,10.0,25.19842099789746
0.3333333333333333,0.6666666666666667,1,3,45,5,5,13,13,14.999999999999998,10.0,11.447142425533318
0.6666666666666666,0.33333333333333337,1,3,45,5,5,13,13,30.0,5.0,16.509636244473132
0.25,0.75,1,3,60,5,5,13,13,15.0,15.0,15.0
0.5,0.5,1,3,60,5,5,13,13,30.0,10.0,17.320508075688775
0.75,0.25,1,3,60,5,5,13,13,45.0,5.0,25.98076211353316
0.5,0.5,1,4,40,5,5,13,13,20.0,5.0,10.000000000000002
0.3333333333333333,0.6666666666666667,1,4,60,5,5,13,13,19.999999999999996,10.0,12.599210498948732
0.6666666666666666,0.33333333333333337,1,4,60,5,5,13,13,40.0,5.0,19.999999999999996
0.5,0.5,1,5,50,5,5,13,13,25.0,5.0,11.180339887498949
0.5,0.5,1,6,60,5,5,13,13,30.0,5.0,12.247448713915892
0.3333333333333333,0.6666666666666667,2,1,30,5,5,13,13,4.999999999999999,20.0,12.599210498948732
0.6666666666666666,0.33333333333333337,2,1,30,5,5,13,13,10.0,10.0,10.0
0.25,0.75,2,1,40,5,5,13,13,5.0,30.0,19.16829312738817
0.3333333333333333,0.6666666666666667,2,1,60,5,5,13,13,9.999999999999998,40.0,25.19842099789747
0.5,0.5,2,1,60,5,5,13,13,15.0,30.0,21.213203435596427
0.6666666666666666,0.33333333333333337,2,1,60,5,5,13,13,20.0,20.0,20.0
0.3333333333333333,0.6666666666666667,2,2,60,5,5,13,13,9.999999999999998,20.0,15.874010519681995
0.5,0.5,2,2,60,5,5,13,13,15.0,15.0,15.000000000000002
0.6666666666666666,0.33333333333333337,2,2,60,5,5,13,13,20.0,10.0,15.874010519681994
0.25,0.75,2,2,80,5,5,13,13,10.0,30.0,22.795070569547775
0.5,0.5,2,2,80,5,5,13,13,20.0,20.0,20.000000000000004
0.75,0.25,2,2,80,5,5,13,13,30.0,10.0,22.795070569547775
0.3333333333333333,0.6666666666666667,2,2,90,5,5,13,13,14.999999999999998,30.0,23.811015779522997
0.6666666666666666,0.33333333333333337,2,2,90,5,5,13,13,30.0,15.0,23.811015779522993
0.5,0.5,2,2,100,5,5,13,13,25.0,25.0,25.0
0.25,0.75,2,2,120,5,5,13,13,15.0,45.0,34.19260585432166
0.3333333333333333,0.6666666666666667,2,2,120,5,5,13,13,19.999999999999996,40.0,31.748021039363994
0.5,0.5,2,2,120,5,5,13,13,30.0,30.0,30.0
0.6666666666666666,0.33333333333333337,2,2,120,5,5,13,13,40.0,20.0,31.748021039363987
0.75,0.25,2,2,120,5,5,13,13,45.0,15.0,34.19260585432166
0.5,0.5,2,3,60,5,5,13,13,15.0,10.0,12.247448713915892
0.3333333333333333,0.6666666666666667,2,3,90,5,5,13,13,14.999999999999998,20.0,18.1712059283214
0.6666666666666666,0.33333333333333337,2,3,90,5,5,13,13,30.0,10.0,20.80083823051904
0.25,0.75,2,3,120,5,5,13,13,15.0,30.0,25.226892457611434
0.5,0.5,2,3,120,5,5,13,13,30.0,20.0,24.494897427831784
0.75,0.25,2,3,120,5,5,13,13,45.0,10.0,30.896507158606767
0.3333333333333333,0.6666666666666667,2,4,60,5,5,13,13,9.999999999999998,10.0,10.0
0.6666666666666666,0.33333333333333337,2,4,60,5,5,13,13,20.0,5.0,12.59921049894873
0.75,0.25,2,4,80,5,5,13,13,30.0,5.0,19.16829312738817
0.3333333333333333,0.6666666666666667,2,4,120,5,5,13,13,19.999999999999996,20.0,20.0
0.5,0.5,2,4,120,5,5,13,13,30.0,15.0,21.213203435596427
0.6666666666666666,0.33333333333333337,2,4,120,5,5,13,13,40.0,10.0,25.19842099789746
0.5,0.5,2,5,100,5,5,13,13,25.0,10.0,15.811388300841898
0.3333333333333333,0.6666666666666667,2,6,90,5,5,13,13,14.999999999999998,10.0,11.447142425533318
0.6666666666666666,0.33333333333333337,2,6,90,5,5,13,13,30.0,5.0,16.509636244473132
0.25,0.75,2,6,120,5,5,13,13,15.0,15.0,15.0
0.5,0.5,2,6,120,5,5,13,13,30.0,10.0,17.320508075688775
0.75,0.25,2,6,120,5,5,13,13,45.0,5.0,25.98076211353316
0.3333333333333333,0.6666666666666667,3,1,45,5,5,13,13,4.999999999999999,30.0,16.509636244473135
0.6666666666666666,0.33333333333333337,3,1,45,5,5,13,13,10.0,15.0,11.447142425533318
0.25,0.75,3,1,60,5,5,13,13,5.0,45.0,25.98076211353316
0.5,0.5,3,1,60,5,5,13,13,10.0,30.0,17.320508075688775
0.75,0.25,3,1,60,5,5,13,13,15.0,15.0,15.0
0.5,0.5,3,2,60,5,5,13,13,10.0,15.0,12.247448713915892
0.3333333333333333,0.6666666666666667,3,2,90,5,5,13,13,9.999999999999998,30.0,20.800838230519044
0.6666666666666666,0.33333333333333337,3,2,90,5,5,13,13,20.0,15.0,18.171205928321395
0.25,0.75,3,2,120,5,5,13,13,10.0,45.0,30.896507158606767
0.5,0.5,3,2,120,5,5,13,13,20.0,30.0,24.494897427831784
0.75,0.25,3,2,120,5,5,13,13,30.0,15.0,25.226892457611434
0.3333333333333333,0.6666666666666667,3,3,90,5,5,13,13,9.999999999999998,20.0,15.874010519681995
0.5,0.5,3,3,90,5,5,13,13,15.0,15.0,15.000000000000002
0.6666666666666666,0.33333333333333337,3,3,90,5,5,13,13,20.0,10.0,15.874010519681994
0.25,0.75,3,3,120,5,5,13,13,10.0,30.0,22.795070569547775
0.5,0.5,3,3,120,5,5,13,13,20.0,20.0,20.000000000000004
0.75,0.25,3,3,120,5,5,13,13,30.0,10.0,22.795070569547775
0.3333333333333333,0.6666666666666667,3,3,135,5,5,13,13,14.999999999999996,30.0,23.811015779522997
0.6666666666666666,0.33333333333333337,3,3,135,5,5,13,13,30.0,15.0,23.811015779522993
0.5,0.5,3,3,150,5,5,13,13,25.0,25.0,25.0
0.25,0.75,3,3,180,5,5,13,13,15.0,45.0,34.19260585432166
0.3333333333333333,0.6666666666666667,3,3,180,5,5,13,13,19.999999999999996,40.0,31.748021039363994
0.5,0.5,3,3,180,5,5,13,13,30.0,30.0,30.0
0.6666666666666666,0.33333333333333337,3,3,180,5,5,13,13,40.0,20.0,31.748021039363987
0.75,0.25,3,3,180,5,5,13,13,45.0,15.0,34.19260585432166
0.5,0.5,3,4,120,5,5,13,13,20.0,15.0,17.320508075688775
0.3333333333333333,0.6666666666666667,3,4,180,5,5,13,13,19.999999999999996,30.0,26.20741394208897
0.6666666666666666,0.33333333333333337,3,4,180,5,5,13,13,40.0,15.0,28.844991406148164
0.5,0.5,3,5,150,5,5,13,13,25.0,15.0,19.364916731037084
0.3333333333333333,0.6666666666666667,3,6,90,5,5,13,13,9.999999999999998,10.0,10.0
0.6666666666666666,0.33333333333333337,3,6,90,5,5,13,13,20.0,5.0,12.59921049894873
0.75,0.25,3,6,120,5,5,13,13,30.0,5.0,19.16829312738817
0.3333333333333333,0.6666666666666667,3,6,180,5,5,13,13,19.999999999999996,20.0,20.0
0.5,0.5,3,6,180,5,5,13,13,30.0,15.0,21.213203435596427
0.6666666666666666,0.33333333333333337,3,6,180,5,5,13,13,40.0,10.0,25.19842099789746
0.5,0.5,4,1,40,5,5,13,13,5.0,20.0,10.000000000000002
0.3333333333333333,0.6666666666666667,4,1,60,5,5,13,13,4.999999999999999,40.0,20.000000000000004
0.6666666666666666,0.33333333333333337,4,1,60,5,5,13,13,10.0,20.0,12.59921049894873
0.3333333333333333,0.6666666666666667,4,2,60,5,5,13,13,4.999999999999999,20.0,12.599210498948732
0.6666666666666666,0.33333333333333337,4,2,60,5,5,13,13,10.0,10.0,10.0
0.25,0.75,4,2,80,5,5,13,13,5.0,30.0,19.16829312738817
0.3333333333333333,0.6666666666666667,4,2,120,5,5,13,13,9.999999999999998,40.0,25.19842099789747
0.5,0.5,4,2,120,5,5,13,13,15.0,30.0,21.213203435596427
0.6666666666666666,0.33333333333333337,4,2,120,5,5,13,13,20.0,20.0,20.0
0.5,0.5,4,3,120,5,5,13,13,15.0,20.0,17.320508075688775
0.3333333333333333,0.6666666666666667,4,3,180,5,5,13,13,14.999999999999998,40.0,28.844991406148175
0.6666666666666666,0.33333333333333337,4,3,180,5,5,13,13,30.0,20.0,26.207413942088966
0.3333333333333333,0.6666666666666667,4,4,120,5,5,13,13,9.999999999999998,20.0,15.874010519681995
0.5,0.5,4,4,120,5,5,13,13,15.0,15.0,15.000000000000002
0.6666666666666666,0.33333333333333337,4,4,120,5,5,13,13,20.0,10.0,15.874010519681994
0.25,0.75,4,4,160,5,5,13,13,10.0,30.0,22.795070569547775
0.5,0.5,4,4,160,5,5,13,13,20.0,20.0,20.000000000000004
0.75,0.25,4,4,160,5,5,13,13,30.0,10.0,22.795070569547775
0.3333333333333333,0.6666666666666667,4,4,180,5,5,13,13,14.999999999999998,30.0,23.811015779522997
0.6666666666666666,0.33333333333333337,4,4,180,5,5,13,13,30.0,15.0,23.811015779522993
0.5,0.5,4,4,200,5,5,13,13,25.0,25.0,25.0
0.25,0.75,4,4,240,5,5,13,13,15.0,45.0,34.19260585432166
0.3333333333333333,0.6666666666666667,4,4,240,5,5,13,13,19.999999999999996,40.0,31.748021039363994
0.5,0.5,4,4,240,5,5,13,13,30.0,30.0,30.0
0.6666666666666666,0.33333333333333337,4,4,240,5,5,13,13,40.0,20.0,31.748021039363987
0.75,0.25,4,4,240,5,5,13,13,45.0,15.0,34.19260585432166
0.5,0.5,4,5,200,5,5,13,13,25.0,20.0,22.360679774997898
0.5,0.5,4,6,120,5,5,13,13,15.0,10.0,12.247448713915892
0.3333333333333333,0.6666666666666667,4,6,180,5,5,13,13,14.999999999999998,20.0,18.1712059283214
0.6666666666666666,0.33333333333333337,4,6,180,5,5,13,13,30.0,10.0,20.80083823051904
0.25,0.75,4,6,240,5,5,13,13,15.0,30.0,25.226892457611434
0.5,0.5,4,6,240,5,5,13,13,30.0,20.0,24.494897427831784
0.75,0.25,4,6,240,5,5,13,13,45.0,10.0,30.896507158606767
0.5,0.5,5,1,50,5,5,13,13,5.0,25.0,11.180339887498949
0.5,0.5,5,2,100,5,5,13,13,10.0,25.0,15.811388300841898
0.5,0.5,5,3,150,5,5,13,13,15.0,25.0,19.364916731037084
0.5,0.5,5,4,200,5,5,13,13,20.0,25.0,22.360679774997898
0.3333333333333333,0.6666666666666667,5,5,150,5,5,13,13,9.999999999999998,20.0,15.874010519681995
0.5,0.5,5,5,150,5,5,13,13,15.0,15.0,15.000000000000002
0.6666666666666666,0.33333333333333337,5,5,150,5,5,13,13,20.0,10.0,15.874010519681994
0.25,0.75,5,5,200,5,5,13,13,10.0,30.000000000000004,22.79507056954778
0.5,0.5,5,5,200,5,5,13,13,20.0,20.0,20.000000000000004
0.75,0.25,5,5,200,5,5,13,13,30.000000000000004,10.0,22.79507056954778
0.3333333333333333,0.6666666666666667,5,5,225,5,5,13,13,14.999999999999998,30.0,23.811015779522997
0.6666666666666666,0.33333333333333337,5,5,225,5,5,13,13,30.0,15.0,23.811015779522993
0.5,0.5,5,5,250,5,5,13,13,25.0,25.0,25.0
0.25,0.75,5,5,300,5,5,13,13,15.0,45.00000000000001,34.19260585432166
0.3333333333333333,0.6666666666666667,5,5,300,5,5,13,13,19.999999999999996,40.0,31.748021039363994
0.5,0.5,5,5,300,5,5,13,13,30.0,30.0,30.0
0.6666666666666666,0.33333333333333337,5,5,300,5,5,13,13,40.0,20.0,31.748021039363987
0.75,0.25,5,5,300,5,5,13,13,45.00000000000001,15.0,34.19260585432166
0.5,0.5,5,6,300,5,5,13,13,30.0,25.0,27.386127875258307
0.5,0.5,6,1,60,5,5,13,13,5.0,30.0,12.247448713915892
0.3333333333333333,0.6666666666666667,6,2,90,5,5,13,13,4.999999999999999,30.0,16.509636244473135
0.6666666666666666,0.33333333333333337,6,2,90,5,5,13,13,10.0,15.0,11.447142425533318
0.25,0.75,6,2,120,5,5,13,13,5.0,45.0,25.98076211353316
0.5,0.5,6,2,120,5,5,13,13,10.0,30.0,17.320508075688775
0.75,0.25,6,2,120,5,5,13,13,15.0,15.0,15.0
0.3333333333333333,0.6666666666666667,6,3,90,5,5,13,13,4.999999999999999,20.0,12.599210498948732
0.6666666666666666,0.33333333333333337,6,3,90,5,5,13,13,10.0,10.0,10.0
0.25,0.75,6,3,120,5,5,13,13,5.0,30.0,19.16829312738817
0.3333333333333333,0.6666666666666667,6,3,180,5,5,13,13,9.999999999999998,40.0,25.19842099789747
0.5,0.5,6,3,180,5,5,13,13,15.0,30.0,21.213203435596427
0.6666666666666666,0.33333333333333337,6,3,180,5,5,13,13,20.0,20.0,20.0
0.5,0.5,6,4,120,5,5,13,13,10.0,15.0,12.247448713915892
0.3333333333333333,0.6666666666666667,6,4,180,5,5,13,13,9.999999999999998,30.0,20.800838230519044
0.6666666666666666,0.33333333333333337,6,4,180,5,5,13,13,20.0,15.0,18.171205928321395
0.25,0.75,6,4,240,5,5,13,13,10.0,45.0,30.896507158606767
0.5,0.5,6,4,240,5,5,13,13,20.0,30.0,24.494897427831784
0.75,0.25,6,4,240,5,5,13,13,30.0,15.0,25.226892457611434
0.5,0.5,6,5,300,5,5,13,13,25.0,30.0,27.386127875258307
0.3333333333333333,0.6666666666666667,6,6,180,5,5,13,13,9.999999999999998,20.0,15.874010519681995
0.5,0.5,6,6,180,5,5,13,13,15.0,15.0,15.000000000000002
0.6666666666666666,0.33333333333333337,6,6,180,5,5,13,13,20.0,10.0,15.874010519681994
0.25,0.75,6,6,240,5,5,13,13,10.0,30.0,22.795070569547775
0.5,0.5,6,6,240,5,5,13,13,20.0,20.0,20.000000000000004
0.75,0.25,6,6,240,5,5,13,13,30.0,10.0,22.795070569547775
0.3333333333333333,0.6666666666666667,6,6,270,5,5,13,13,14.999999999999996,30.0,23.811015779522997
0.6666666666666666,0.33333333333333337,6,6,270,5,5,13,13,30.0,15.0,23.811015779522993
0.5,0.5,6,6,300,5,5,13,13,25.0,25.0,25.0
0.25,0.75,6,6,360,5,5,13,13,15.0,45.0,34.19260585432166
0.3333333333333333,0.6666666666666667,6,6,360,5,5,13,13,19.999999999999996,40.0,31.748021039363994
0.5,0.5,6,6,360,5,5,13,13,30.0,30.0,30.0
0.6666666666666666,0.33333333333333337,6,6,360,5,5,13,13,40.0,20.0,31.748021039363987
0.75,0.25,6,6,360,5,5,13,13,45.0,15.0,34.19260585432166
0.3333333333333333,0.6666666666666667,1,1,60,10,10,13,13,19.999999999999996,40.0,31.748021039363994
0.5,0.5,1,1,60,10,10,13,13,30.0,30.0,30.0
0.6666666666666666,0.33333333333333337,1,1,60,10,10,13,13,40.0,20.0,31.748021039363987
0.25,0.75,1,1,80,10,10,13,13,20.0,60.0,45.59014113909555
0.5,0.5,1,1,80,10,10,13,13,40.0,40.0,40.00000000000001
0.75,0.25,1,1,80,10,10,13,13,60.0,20.0,45.59014113909555
0.3333333333333333,0.6666666666666667,1,1,90,10,10,13,13,29.999999999999996,60.0,47.62203155904599
0.6666666666666666,0.33333333333333337,1,1,90,10,10,13,13,60.0,30.0,47.622031559045986
0.5,0.5,1,1,100,10,10,13,13,50.0,50.0,50.00000000000001
0.25,0.75,1,1,120,10,10,13,13,30.0,90.0,68.38521170864334
0.3333333333333333,0.6666666666666667,1,1,120,10,10,13,13,39.99999999999999,80.0,63.49604207872799
0.5,0.5,1,1,120,10,10,13,13,60.0,60.0,60.00000000000001
0.6666666666666666,0.33333333333333337,1,1,120,10,10,13,13,80.0,40.0,63.49604207872798
0.75,0.25,1,1,120,10,10,13,13,90.0,30.0,68.38521170864334
0.3333333333333333,0.6666666666666667,1,2,60,10,10,13,13,19.999999999999996,20.0,20.0
0.6666666666666666,0.33333333333333337,1,2,60,10,10,13,13,40.0,10.0,25.19842099789746
0.75,0.25,1,2,80,10,10,13,13,60.0,10.0,38.33658625477635
0.3333333333333333,0.6666666666666667,1,2,120,10,10,13,13,39.99999999999999,40.0,40.00000000000001
0.5,0.5,1,2,120,10,10,13,13,60.0,30.0,42.42640687119285
0.6666666666666666,0.33333333333333337,1,2,120,10,10,13,13,80.0,20.0,50.39684199579492
0.3333333333333333,0.6666666666666667,1,3,90,10,10,13,13,29.999999999999996,20.0,22.89428485106664
0.6666666666666666,0.33333333333333337,1,3,90,10,10,13,13,60.0,10.0,33.019272488946264
0.25,0.75,1,3,120,10,10,13,13,30.0,30.0,30.0
0.5,0.5,1,3,120,10,10,13,13,60.0,20.0,34.64101615137755
0.75,0.25,1,3,120,10,10,13,13,90.0,10.0,51.96152422706632
0.5,0.5,1,4,80,10,10,13,13,40.0,10.0,20.000000000000004
0.3333333333333333,0.6666666666666667,1,4,120,10,10,13,13,39.99999999999999,20.0,25.198420997897465
0.6666666666666666,0.33333333333333337,1,4,120,10,10,13,13,80.0,10.0,40.0
0.5,0.5,1,5,100,10,10,13,13,50.0,10.0,22.360679774997898
0.5,0.5,1,6,120,10,10,13,13,60.0,10.0,24.494897427831784
0.3333333333333333,0.6666666666666667,2,1,60,10,10,13,13,9.999999999999998,40.0,25.19842099789747
0.6666666666666666,0.33333333333333337,2,1,60,10,10,13,13,20.0,20.0,20.0
0.25,0.75,2,1,80,10,10,13,13,10.0,60.0,38.33658625477635
0.3333333333333333,0.6666666666666667,2,1,120,10,10,13,13,19.999999999999996,80.0,50.39684199579494
0.5,0.5,2,1,120,10,10,13,13,30.0,60.0,42.42640687119285
0.6666666666666666,0.33333333333333337,2,1,120,10,10,13,13,40.0,40.0,40.0
0.3333333333333333,0.6666666666666667,2,2,120,10,10,13,13,19.999999999999996,40.0,31.748021039363994
0.5,0.5,2,2,120,10,10,13,13,30.0,30.0,30.0
0.6666666666666666,0.33333333333333337,2,2,120,10,10,13,13,40.0,20.0,31.748021039363987
0.25,0.75,2,2,160,10,10,13,13,20.0,60.0,45.59014113909555
0.5,0.5,2,2,160,10,10,13,13,40.0,40.0,40.00000000000001
0.75,0.25,2,2,160,10,10,13,13,60.0,20.0,45.59014113909555
0.3333333333333333,0.6666666666666667,2,2,180,10,10,13,13,29.999999999999996,60.0,47.62203155904599
0.6666666666666666,0.33333333333333337,2,2,180,10,10,13,13,60.0,30.0,47.622031559045986
0.5,0.5,2,2,200,10,10,13,13,50.0,50.0,50.00000000000001
0.25,0.75,2,2,240,10,10,13,13,30.0,90.0,68.38521170864334
0.3333333333333333,0.6666666666666667,2,2,240,10,10,13,13,39.99999999999999,80.0,63.49604207872799
0.5,0.5,2,2,240,10,10,13,13,60.0,60.0,60.00000000000001
0.6666666666666666,0.33333333333333337,2,2,240,10,10,13,13,80.0,40.0,63.49604207872798
0.75,0.25,2,2,240,10,10,13,13,90.0,30.0,68.38521170864334
0.5,0.5,2,3,120,10,10,13,13,30.0,20.0,24.494897427831784
0.3333333333333333,0.6666666666666667,2,3,180,10,10,13,13,29.999999999999996,40.0,36.3424118566428
0.6666666666666666,0.33333333333333337,2,3,180,10,10,13,13,60.0,20.0,41.60167646103808
0.25,0.75,2,3,240,10,10,13,13,30.0,60.0,50.453784915222876
0.5,0.5,2,3,240,10,10,13,13,60.0,40.0,48.98979485566357
0.75,0.25,2,3,240,10,10,13,13,90.0,20.0,61.79301431721353
0.3333333333333333,0.6666666666666667,2,4,120,10,10,13,13,19.999999999999996,20.0,20.0
0.6666666666666666,0.33333333333333337,2,4,120,10,10,13,13,40.0,10.0,25.19842099789746
0.75,0.25,2,4,160,10,10,13,13,60.0,10.0,38.33658625477635
0.3333333333333333,0.6666666666666667,2,4,240,10,10,13,13,39.99999999999999,40.0,40.00000000000001
0.5,0.5,2,4,240,10,10,13,13,60.0,30.0,42.42640687119285
0.6666666666666666,0.33333333333333337,2,4,240,10,10,13,13,80.0,20.0,50.39684199579492
0.5,0.5,2,5,200,10,10,13,13,50.0,20.0,31.622776601683796
0.3333333333333333,0.6666666666666667,2,6,180,10,10,13,13,29.999999999999996,20.0,22.89428485106664
0.6666666666666666,0.33333333333333337,2,6,180,10,10,13,13,60.0,10.0,33.019272488946264
0.25,0.75,2,6,240,10,10,13,13,30.0,30.0,30.0
0.5,0.5,2,6,240,10,10,13,13,60.0,20.0,34.64101615137755
0.75,0.25,2,6,240,10,10,13,13,90.0,10.0,51.96152422706632
0.3333333333333333,0.6666666666666667,3,1,90,10,10,13,13,9.999999999999998,60.0,33.01927248894627
0.6666666666666666,0.33333333333333337,3,1,90,10,10,13,13,20.0,30.0,22.89428485106664
0.25,0.75,3,1,120,10,10,13,13,10.0,90.0,51.96152422706632
0.5,0.5,3,1,120,10,10,13,13,20.0,60.0,34.64101615137755
0.75,0.25,3,1,120,10,10,13,13,30.0,30.0,30.0
0.5,0.5,3,2,120,10,10,13,13,20.0,30.0,24.494897427831784
0.3333333333333333,0.6666666666666667,3,2,180,10,10,13,13,19.999999999999996,60.0,41.60167646103809
0.6666666666666666,0.33333333333333337,3,2,180,10,10,13,13,40.0,30.0,36.3424118566428
0.25,0.75,3,2,240,10,10,13,13,20.0,90.0,61.79301431721353
0.5,0.5,3,2,240,10,10,13,13,40.0,60.0,48.98979485566357
0.75,0.25,3,2,240,10,10,13,13,60.0,30.0,50.453784915222876
0.3333333333333333,0.6666666666666667,3,3,180,10,10,13,13,19.999999999999996,40.0,31.748021039363994
0.5,0.5,3,3,180,10,10,13,13,30.0,30.0,30.0
0.6666666666666666,0.33333333333333337,3,3,180,10,10,13,13,40.0,20.0,31.748021039363987
0.25,0.75,3,3,240,10,10,13,13,20.0,60.0,45.59014113909555
0.5,0.5,3,3,240,10,10,13,13,40.0,40.0,40.00000000000001
0.75,0.25,3,3,240,10,10,13,13,60.0,20.0,45.59014113909555
0.3333333333333333,0.6666666666666667,3,3,270,10,10,13,13,29.999999999999993,60.0,47.62203155904599
0.6666666666666666,0.33333333333333337,3,3,270,10,10,13,13,60.0,30.0,47.622031559045986
0.5,0.5,3,3,300,10,10,13,13,50.0,50.0,50.00000000000001
0.25,0.75,3,3,360,10,10,13,13,30.0,90.0,68.38521170864334
0.3333333333333333,0.6666666666666667,3,3,360,10,10,13,13,39.99999999999999,80.0,63.49604207872799
0.5,0.5,3,3,360,10,10,13,13,60.0,60.0,60.00000000000001
0.6666666666666666,0.33333333333333337,3,3,360,10,10,13,13,80.0,40.0,63.49604207872798
0.75,0.25,3,3,360,10,10,13,13,90.0,30.0,68.38521170864334
0.5,0.5,3,4,240,10,10,13,13,40.0,30.0,34.64101615137755
0.3333333333333333,0.6666666666666667,3,4,360,10,10,13,13,39.99999999999999,60.0,52.414827884177946
0.6666666666666666,0.33333333333333337,3,4,360,10,10,13,13,80.0,30.0,57.68998281229634
0.5,0.5,3,5,300,10,10,13,13,50.0,30.0,38.72983346207417
0.3333333333333333,0.6666666666666667,3,6,180,10,10,13,13,19.999999999999996,20.0,20.0
0.6666666666666666,0.33333333333333337,3,6,180,10,10,13,13,40.0,10.0,25.19842099789746
0.75,0.25,3,6,240,10,10,13,13,60.0,10.0,38.33658625477635
0.3333333333333333,0.6666666666666667,3,6,360,10,10,13,13,39.99999999999999,40.0,40.00000000000001
0.5,0.5,3,6,360,10,10,13,13,60.0,30.0,42.42640687119285
0.6666666666666666,0.33333333333333337,3,6,360,10,10,13,13,80.0,20.0,50.39684199579492
0.5,0.5,4,1,80,10,10,13,13,10.0,40.0,20.000000000000004
0.3333333333333333,0.6666666666666667,4,1,120,10,10,13,13,9.999999999999998,80.0,40.00000000000001
0.6666666666666666,0.33333333333333337,4,1,120,10,10,13,13,20.0,40.0,25.198420997897465
0.3333333333333333,0.6666666666666667,4,2,120,10,10,13,13,9.999999999999998,40.0,25.19842099789747
0.6666666666666666,0.33333333333333337,4,2,120,10,10,13,13,20.0,20.0,20.0
0.25,0.75,4,2,160,10,10,13,13,10.0,60.0,38.33658625477635
0.3333333333333333,0.6666666666666667,4,2,240,10,10,13,13,19.999999999999996,80.0,50.39684199579494
0.5,0.5,4,2,240,10,10,13,13,30.0,60.0,42.42640687119285
0.6666666666666666,0.33333333333333337,4,2,240,10,10,13,13,40.0,40.0,40.0
0.5,0.5,4,3,240,10,10,13,13,30.0,40.0,34.64101615137755
0.3333333333333333,0.6666666666666667,4,3,360,10,10,13,13,29.999999999999996,80.0,57.68998281229634
0.6666666666666666,0.33333333333333337,4,3,360,10,10,13,13,60.0,40.0,52.41482788417793
0.3333333333333333,0.6666666666666667,4,4,240,10,10,13,13,19.999999999999996,40.0,31.748021039363994
0.5,0.5,4,4,240,10,10,13,13,30.0,30.0,30.0
0.6666666666666666,0.33333333333333337,4,4,240,10,10,13,13,40.0,20.0,31.748021039363987
0.25,0.75,4,4,320,10,10,13,13,20.0,60.0,45.59014113909555
0.5,0.5,4,4,320,10,10,13,13,40.0,40.0,40.00000000000001
0.75,0.25,4,4,320,10,10,13,13,60.0,20.0,45.59014113909555
0.3333333333333333,0.6666666666666667,4,4,360,10,10,13,13,29.999999999999996,60.0,47.62203155904599
0.6666666666666666,0.33333333333333337,4,4,360,10,10,13,13,60.0,30.0,47.622031559045986
0.5,0.5,4,4,400,10,10,13,13,50.0,50.0,50.00000000000001
0.25,0.75,4,4,480,10,10,13,13,30.0,90.0,68.38521170864334
0.3333333333333333,0.6666666666666667,4,4,480,10,10,13,13,39.99999999999999,80.0,63.49604207872799
0.5,0.5,4,4,480,10,10,13,13,60.0,60.0,60.00000000000001
0.6666666666666666,0.33333333333333337,4,4,480,10,10,13,13,80.0,40.0,63.49604207872798
0.75,0.25,4,4,480,10,10,13,13,90.0,30.0,68.38521170864334
0.5,0.5,4,5,400,10,10,13,13,50.0,40.0,44.721359549995796
0.5,0.5,4,6,240,10,10,13,13,30.0,20.0,24.494897427831784
0.3333333333333333,0.6666666666666667,4,6,360,10,10,13,13,29.999999999999996,40.0,36.3424118566428
0.6666666666666666,0.33333333333333337,4,6,360,10,10,13,13,60.0,20.0,41.60167646103808
0.25,0.75,4,6,480,10,10,13,13,30.0,60.0,50.453784915222876
0.5,0.5,4,6,480,10,10,13,13,60.0,40.0,48.98979485566357
0.75,0.25,4,6,480,10,10,13,13,90.0,20.0,61.79301431721353
0.5,0.5,5,1,100,10,10,13,13,10.0,50.0,22.360679774997898
0.5,0.5,5,2,200,10,10,13,13,20.0,50.0,31.622776601683796
0.5,0.5,5,3,300,10,10,13,13,30.0,50.0,38.72983346207417
0.5,0.5,5,4,400,10,10,13,13,40.0,50.0,44.721359549995796
0.3333333333333333,0.6666666666666667,5,5,300,10,10,13,13,19.999999999999996,40.0,31.748021039363994
0.5,0.5,5,5,300,10,10,13,13,30.0,30.0,30.0
0.6666666666666666,0.33333333333333337,5,5,300,10,10,13,13,40.0,20.0,31.748021039363987
0.25,0.75,5,5,400,10,10,13,13,20.0,60.00000000000001,45.59014113909556
0.5,0.5,5,5,400,10,10,13,13,40.0,40.0,40.00000000000001
0.75,0.25,5,5,400,10,10,13,13,60.00000000000001,20.0,45.59014113909556
0.3333333333333333,0.6666666666666667,5,5,450,10,10,13,13,29.999999999999996,60.0,47.62203155904599
0.6666666666666666,0.33333333333333337,5,5,450,10,10,13,13,60.0,30.0,47.622031559045986
0.5,0.5,5,5,500,10,10,13,13,50.0,50.0,50.00000000000001
0.25,0.75,5,5,600,10,10,13,13,30.0,90.00000000000001,68.38521170864334
0.3333333333333333,0.6666666666666667,5,5,600,10,10,13,13,39.99999999999999,80.0,63.49604207872799
0.5,0.5,5,5,600,10,10,13,13,60.0,60.0,60.00000000000001
0.6666666666666666,0.33333333333333337,5,5,600,10,10,13,13,80.0,40.0,63.49604207872798
0.75,0.25,5,5,600,10,10,13,13,90.00000000000001,30.0,68.38521170864334
0.5,0.5,5,6,600,10,10,13,13,60.0,50.0,54.772255750516614
0.5,0.5,6,1,120,10,10,13,13,10.0,60.0,24.494897427831784
0.3333333333333333,0.6666666666666667,6,2,180,10,10,13,13,9.999999999999998,60.0,33.01927248894627
0.6666666666666666,0.33333333333333337,6,2,180,10,10,13,13,20.0,30.0,22.89428485106664
0.25,0.75,6,2,240,10,10,13,13,10.0,90.0,51.96152422706632
0.5,0.5,6,2,240,10,10,13,13,20.0,60.0,34.64101615137755
0.75,0.25,6,2,240,10,10,13,13,30.0,30.0,30.0
0.3333333333333333,0.6666666666666667,6,3,180,10,10,13,13,9.999999999999998,40.0,25.19842099789747
0.6666666666666666,0.33333333333333337,6,3,180,10,10,13,13,20.0,20.0,20.0
0.25,0.75,6,3,240,10,10,13,13,10.0,60.0,38.33658625477635
0.3333333333333333,0.6666666666666667,6,3,360,10,10,13,13,19.999999999999996,80.0,50.39684199579494
0.5,0.5,6,3,360,10,10,13,13,30.0,60.0,42.42640687119285
0.6666666666666666,0.33333333333333337,6,3,360,10,10,13,13,40.0,40.0,40.0
0.5,0.5,6,4,240,10,10,13,13,20.0,30.0,24.494897427831784
0.3333333333333333,0.6666666666666667,6,4,360,10,10,13,13,19.999999999999996,60.0,41.60167646103809
0.6666666666666666,0.33333333333333337,6,4,360,10,10,13,13,40.0,30.0,36.3424118566428
0.25,0.75,6,4,480,10,10,13,13,20.0,90.0,61.79301431721353
0.5,0.5,6,4,480,10,10,13,13,40.0,60.0,48.98979485566357
0.75,0.25,6,4,480,10,10,13,13,60.0,30.0,50.453784915222876
0.5,0.5,6,5,600,10,10,13,13,50.0,60.0,54.772255750516614
0.3333333333333333,0.6666666666666667,6,6,360,10,10,13,13,19.999999999999996,40.0,31.748021039363994
0.5,0.5,6,6,360,10,10,13,13,30.0,30.0,30.0
0.6666666666666666,0.33333333333333337,6,6,360,10,10,13,13,40.0,20.0,31.748021039363987
0.25,0.75,6,6,480,10,10,13,13,20.0,60.0,45.59014113909555
0.5,0.5,6,6,480,10,10,13,13,40.0,40.0,40.00000000000001
0.75,0.25,6,6,480,10,10,13,13,60.0,20.0,45.59014113909555
0.3333333333333333,0.6666666666666667,6,6,540,10,10,13,13,29.999999999999993,60.0,47.62203155904599
0.6666666666666666,0.33333333333333337,6,6,540,10,10,13,13,60.0,30.0,47.622031559045986
0.5,0.5,6,6,600,10,10,13,13,50.0,50.0,50.00000000000001
0.25,0.75,6,6,720,10,10,13,13,30.0,90.0,68.38521170864334
0.3333333333333333,0.6666666666666667,6,6,720,10,10,13,13,39.99999999999999,80.0,63.49604207872799
0.5,0.5,6,6,720,10,10,13,13,60.0,60.0,60.00000000000001
0.6666666666666666,0.33333333333333337,6,6,720,10,10,13,13,80.0,40.0,63.49604207872798
0.75,0.25,6,6,720,10,10,13,13,90.0,30.0,68.38521170864334
