ac,bc,af,bf,q,p,U,profit
20,2,16,1,1.3333333333333333,17.333333333333332,1.7777777777777786,0.8888888888888862
22,3,8,2,2.8,13.600000000000001,11.759999999999998,7.840000000000001
17,4,10,1,1.4,11.4,3.92,0.9799999999999992
10,1,1,2,3.0,7.0,4.5,9.0
23,1,3,1,10.0,13.0,50.0,50.0
11,1,0,3,2.75,8.25,3.78125,11.34375
24,4,22,1,0.4,22.4,0.32000000000000206,0.07999999999999835
12,3,1,3,1.8333333333333333,6.5,5.04166666666667,5.041666666666666
16,3,6,1,2.5,8.5,9.375,3.125
22,4,15,4,0.875,18.5,1.53125,1.53125
18,3,6,2,2.4,10.8,8.639999999999993,5.760000000000003
13,3,6,4,1.0,10.0,1.5,2.0
7,3,3,1,1.0,4.0,1.5,0.5
18,4,4,1,2.8,6.800000000000001,15.68,3.9200000000000004
21,1,8,4,2.6,18.4,3.3800000000000026,13.519999999999994
18,1,1,3,4.25,13.75,9.03125,27.09375
12,2,0,2,3.0,6.0,9.0,9.0
21,4,12,4,1.125,16.5,2.53125,2.53125
11,3,1,1,2.5,3.5,9.375,3.125
11,1,7,4,0.8,10.2,0.3200000000000003,1.2799999999999994
23,3,3,4,2.857142857142857,14.428571428571429,12.244897959183682,16.3265306122449
10,1,0,4,2.0,8.0,2.0,8.0
12,4,3,3,1.2857142857142858,6.857142857142857,3.3061224489795915,2.479591836734694
14,4,6,3,1.1428571428571428,9.428571428571429,2.612244897959185,1.9591836734693877
10,2,7,1,1.0,8.0,1.0,0.5
15,4,9,3,0.8571428571428571,11.571428571428571,1.4693877551020407,1.1020408163265305
7,3,2,1,1.25,3.25,2.34375,0.78125
11,1,3,4,1.6,9.4,1.2799999999999994,5.119999999999999
7,3,3,3,0.6666666666666666,5.0,0.6666666666666665,0.6666666666666664
18,3,9,2,1.8,12.6,4.859999999999999,3.24
6,3,1,1,1.25,2.25,2.34375,0.78125
12,1,5,4,1.4,10.6,0.9799999999999986,3.9199999999999986
24,2,21,2,0.75,22.5,0.5625,0.5625
22,4,13,4,1.125,17.5,2.53125,2.53125
6,1,4,2,0.6666666666666666,5.333333333333333,0.22222222222222232,0.4444444444444444
14,3,6,4,1.1428571428571428,10.571428571428571,1.9591836734693882,2.6122448979591835
14,2,3,3,2.2,9.6,4.840000000000003,7.259999999999998
13,3,8,3,0.8333333333333334,10.5,1.0416666666666679,1.0416666666666663
23,4,3,3,2.857142857142857,11.571428571428571,16.32653061224491,12.244897959183675
10,2,4,1,2.0,6.0,4.0,2.0
6,1,2,4,0.8,5.2,0.3200000000000003,1.2799999999999998
11,1,3,4,1.6,9.4,1.2799999999999994,5.119999999999999
7,3,5,3,0.3333333333333333,6.0,0.16666666666666652,0.16666666666666682
23,2,21,2,0.5,22.0,0.25,0.25
10,4,2,3,1.1428571428571428,5.428571428571429,2.612244897959183,1.9591836734693877
13,4,7,2,1.0,9.0,2.0,1.0
22,4,15,3,1.0,18.0,2.0,1.5
21,1,7,2,4.666666666666667,16.333333333333332,10.888888888888886,21.777777777777775
18,2,8,1,3.3333333333333335,11.333333333333332,11.111111111111107,5.5555555555555545
10,2,0,4,1.6666666666666667,6.666666666666666,2.7777777777777786,5.5555555555555545
6,4,3,1,0.6,3.6,0.7199999999999998,0.18000000000000033
8,3,0,2,1.6,3.1999999999999993,3.8400000000000016,2.5599999999999987
24,4,12,1,2.4,14.4,11.519999999999996,2.8800000000000052
12,4,2,3,1.4285714285714286,6.285714285714286,4.0816326530612255,3.061224489795917
15,4,3,4,1.5,9.0,4.5,4.5
13,4,11,4,0.25,12.0,0.125,0.125
16,2,11,4,0.8333333333333334,14.333333333333334,0.6944444444444446,1.3888888888888877
14,4,2,2,2.0,6.0,8.0,4.0
6,1,4,1,1.0,5.0,0.5,0.5
21,1,8,4,2.6,18.4,3.3800000000000026,13.519999999999994
12,1,10,4,0.4,11.6,0.08000000000000096,0.3199999999999996
12,2,3,1,3.0,6.0,9.0,4.5
10,1,2,1,4.0,6.0,8.0,8.0
6,4,1,1,1.0,2.0,2.0,0.5
16,1,12,3,1.0,15.0,0.5,1.5
23,2,4,4,3.1666666666666665,16.666666666666668,10.027777777777771,20.05555555555556
16,4,1,2,2.5,6.0,12.5,6.25
10,3,5,1,1.25,6.25,2.34375,0.78125
23,1,21,1,1.0,22.0,0.5,0.5
11,2,4,4,1.1666666666666667,8.666666666666666,1.3611111111111125,2.722222222222221
17,1,8,3,2.25,14.75,2.53125,7.59375
13,1,3,2,3.3333333333333335,9.666666666666666,5.555555555555557,11.111111111111109
20,4,9,3,1.5714285714285714,13.714285714285715,4.938775510204078,3.7040816326530646
21,2,6,1,5.0,11.0,25.0,12.5
24,2,5,2,4.75,14.5,22.5625,22.5625
24,4,12,4,1.5,18.0,4.5,4.5
24,4,4,2,3.3333333333333335,10.666666666666666,22.222222222222214,11.111111111111109
16,2,3,3,2.6,10.8,6.760000000000002,10.14
9,4,5,2,0.6666666666666666,6.333333333333334,0.8888888888888884,0.44444444444444486
15,2,11,3,0.8,13.4,0.6399999999999988,0.9599999999999997
24,4,2,3,3.142857142857143,11.428571428571429,19.755102040816332,14.816326530612244
9,4,3,4,0.75,6.0,1.125,1.125
15,3,10,3,0.8333333333333334,12.5,1.041666666666666,1.0416666666666672
12,2,4,4,1.3333333333333333,9.333333333333334,1.7777777777777768,3.5555555555555562
23,2,0,4,3.8333333333333335,15.333333333333332,14.69444444444445,29.388888888888886
8,1,0,2,2.6666666666666665,5.333333333333334,3.5555555555555554,7.1111111111111125
20,1,4,3,4.0,16.0,8.0,24.0
7,1,1,1,3.0,4.0,4.5,4.5
24,4,12,2,2.0,16.0,8.0,4.0
12,1,4,2,2.6666666666666665,9.333333333333334,3.5555555555555536,7.1111111111111125
6,2,4,3,0.4,5.2,0.16000000000000014,0.23999999999999994
7,2,4,4,0.5,6.0,0.25,0.5
17,3,11,4,0.8571428571428571,14.428571428571429,1.1020408163265305,1.4693877551020407
19,1,9,1,5.0,14.0,12.5,12.5
16,3,3,1,3.25,6.25,15.84375,5.28125
17,4,1,1,3.2,4.199999999999999,20.480000000000004,5.119999999999997
10,2,4,2,1.5,7.0,2.25,2.25
24,1,0,2,8.0,16.0,32.0,64.0
21,1,1,1,10.0,11.0,50.0,50.0
17,2,12,3,1.0,15.0,1.0,1.5
23,4,1,4,2.75,12.0,15.125,15.125
14,3,2,2,2.4,6.800000000000001,8.64,5.76
14,3,3,3,1.8333333333333333,8.5,5.041666666666668,5.041666666666666
10,1,8,1,1.0,9.0,0.5,0.5
7,2,2,1,1.6666666666666667,3.6666666666666665,2.7777777777777786,1.3888888888888882
23,1,11,1,6.0,17.0,18.0,18.0
10,1,1,1,4.5,5.5,10.125,10.125
18,1,14,4,0.8,17.2,0.3200000000000003,1.2799999999999985
23,3,18,3,0.8333333333333334,20.5,1.0416666666666643,1.041666666666669
21,2,9,1,4.0,13.0,16.0,8.0
17,2,5,1,4.0,9.0,16.0,8.0
23,3,19,4,0.5714285714285714,21.285714285714285,0.4897959183673475,0.6530612244897956
20,3,15,3,0.8333333333333334,17.5,1.0416666666666679,1.0416666666666672
16,4,4,3,1.7142857142857142,9.142857142857142,5.8775510204081645,4.408163265306122
14,3,8,3,1.0,11.0,1.5,1.5
12,2,5,3,1.4,9.2,1.959999999999999,2.9399999999999995
20,3,5,3,2.5,12.5,9.375,9.375
12,3,6,1,1.5,7.5,3.375,1.125
13,2,1,4,2.0,9.0,4.0,8.0
11,4,2,4,1.125,6.5,2.53125,2.53125
17,3,7,1,2.5,9.5,9.375,3.125
20,3,13,4,1.0,17.0,1.5,2.0
18,4,9,2,1.5,12.0,4.5,2.25
19,2,17,1,0.6666666666666666,17.666666666666668,0.44444444444444287,0.2222222222222242
6,2,3,2,0.75,4.5,0.5625,0.5625
8,4,0,1,1.6,1.5999999999999996,5.12,1.2799999999999994
24,3,1,1,5.75,6.75,49.59375,16.53125
22,2,7,1,5.0,12.0,25.0,12.5
24,2,13,3,2.2,19.6,4.839999999999996,7.260000000000002
9,3,3,1,1.5,4.5,3.375,1.125
11,4,4,1,1.4,5.4,3.919999999999999,0.9800000000000001
7,4,5,1,0.4,5.4,0.3200000000000003,0.08000000000000013
17,3,8,1,2.25,10.25,7.59375,2.53125
20,4,11,2,1.5,14.0,4.5,2.25
11,3,4,2,1.4,6.800000000000001,2.9399999999999995,1.9600000000000002
18,1,15,4,0.6,17.4,0.17999999999999972,0.7199999999999995
13,1,8,2,1.6666666666666667,11.333333333333334,1.3888888888888893,2.7777777777777772
7,4,2,1,1.0,3.0,2.0,0.5
6,3,2,2,0.8,3.5999999999999996,0.9600000000000009,0.6399999999999997
8,4,2,4,0.75,5.0,1.125,1.125
6,3,1,3,0.8333333333333334,3.5,1.041666666666666,1.0416666666666667
9,2,2,3,1.4,6.2,1.9600000000000009,2.9400000000000004
7,3,4,4,0.42857142857142855,5.714285714285714,0.2755102040816326,0.3673469387755104
19,2,2,4,2.8333333333333335,13.333333333333332,8.027777777777779,16.055555555555557
23,1,2,3,5.25,17.75,13.78125,41.34375
16,1,3,3,3.25,12.75,5.28125,15.84375
7,3,2,1,1.25,3.25,2.34375,0.78125
18,2,5,3,2.6,12.8,6.760000000000005,10.14
16,2,12,2,1.0,14.0,1.0,1.0
22,2,2,2,5.0,12.0,25.0,25.0
10,3,7,3,0.5,8.5,0.375,0.375
21,1,7,3,3.5,17.5,6.125,18.375
15,2,7,3,1.6,11.8,2.559999999999995,3.8400000000000007
10,3,1,3,1.5,5.5,3.375,3.375
17,2,8,2,2.25,12.5,5.0625,5.0625
18,3,14,4,0.5714285714285714,16.285714285714285,0.4897959183673457,0.6530612244897956
12,2,0,3,2.4,7.2,5.759999999999998,8.64
24,2,16,1,2.6666666666666665,18.666666666666668,7.111111111111107,3.555555555555559
10,2,1,1,3.0,4.0,9.0,4.5
21,2,19,4,0.3333333333333333,20.333333333333332,0.11111111111111249,0.22222222222222154
11,4,6,1,1.0,7.0,2.0,0.5
19,3,16,3,0.5,17.5,0.375,0.375
8,4,3,3,0.7142857142857143,5.142857142857142,1.0204081632653068,0.7653061224489792
23,2,7,3,3.2,16.6,10.240000000000002,15.36
24,3,10,1,3.5,13.5,18.375,6.125
20,2,1,3,3.8,12.4,14.440000000000005,21.66
10,3,1,1,2.25,3.25,7.59375,2.53125
13,3,11,1,0.5,11.5,0.375,0.125
22,1,2,3,5.0,17.0,12.5,37.5
16,2,13,3,0.6,14.8,0.35999999999999943,0.5400000000000009
8,1,2,3,1.5,6.5,1.125,3.375
13,3,8,4,0.7142857142857143,10.857142857142858,0.7653061224489797,1.0204081632653066
8,2,6,4,0.3333333333333333,7.333333333333333,0.11111111111111116,0.222222222222222
13,1,3,2,3.3333333333333335,9.666666666666666,5.555555555555557,11.111111111111109
21,4,10,3,1.5714285714285714,14.714285714285715,4.938775510204081,3.704081632653063
16,4,0,4,2.0,8.0,8.0,8.0
13,1,5,4,1.6,11.4,1.2799999999999976,5.120000000000001
12,3,3,3,1.5,7.5,3.375,3.375
16,2,14,4,0.3333333333333333,15.333333333333334,0.1111111111111116,0.22222222222222243
19,3,9,2,2.0,13.0,6.0,4.0
19,1,0,2,6.333333333333333,12.666666666666668,20.055555555555543,40.11111111111112
9,4,5,1,0.8,5.8,1.2800000000000002,0.3199999999999996
17,2,14,3,0.6,15.8,0.35999999999999943,0.54
22,3,0,2,4.4,8.799999999999999,29.040000000000006,19.359999999999996
24,1,3,2,7.0,17.0,24.5,49.0
17,2,0,1,5.666666666666667,5.666666666666666,32.11111111111112,16.05555555555555
19,2,12,4,1.1666666666666667,16.666666666666668,1.3611111111111107,2.7222222222222237
13,3,5,2,1.6,8.2,3.8400000000000016,2.5599999999999987
19,3,3,4,2.2857142857142856,12.142857142857142,7.8367346938775455,10.448979591836734
17,1,5,2,4.0,13.0,8.0,16.0
22,4,5,4,2.125,13.5,9.03125,9.03125
7,2,1,4,1.0,5.0,1.0,2.0
10,1,8,2,0.6666666666666666,9.333333333333334,0.22222222222222143,0.44444444444444486
8,1,3,2,1.6666666666666667,6.333333333333333,1.3888888888888893,2.7777777777777772
11,1,6,2,1.6666666666666667,9.333333333333334,1.3888888888888893,2.777777777777779
9,3,7,4,0.2857142857142857,8.142857142857142,0.12244897959183643,0.1632653061224489
10,2,1,4,1.5,7.0,2.25,4.5
18,2,8,3,2.0,14.0,4.0,6.0
10,2,6,2,1.0,8.0,1.0,1.0
9,3,2,3,1.1666666666666667,5.5,2.041666666666665,2.041666666666667
19,1,17,1,1.0,18.0,0.5,0.5
12,2,8,3,0.8,10.4,0.6400000000000006,0.9599999999999997
23,1,0,1,11.5,11.5,66.125,66.125
10,4,5,4,0.625,7.5,0.78125,0.78125
22,3,2,3,3.3333333333333335,12.0,16.66666666666667,16.666666666666668
6,1,0,3,1.5,4.5,1.125,3.375
14,3,0,4,2.0,8.0,6.0,8.0
19,3,8,4,1.5714285714285714,14.285714285714285,3.7040816326530646,4.93877551020408
7,2,1,1,2.0,3.0,4.0,2.0
15,1,12,1,1.5,13.5,1.125,1.125
17,2,12,2,1.25,14.5,1.5625,1.5625
11,1,7,2,1.3333333333333333,9.666666666666666,0.8888888888888893,1.7777777777777777
15,3,4,2,2.2,8.399999999999999,7.260000000000002,4.839999999999995
20,1,1,1,9.5,10.5,45.125,45.125
20,1,4,4,3.2,16.8,5.11999999999999,20.480000000000004
15,3,8,1,1.75,9.75,4.59375,1.53125
8,1,5,4,0.6,7.4,0.17999999999999972,0.7200000000000004
23,4,17,2,1.0,19.0,2.0,1.0
14,1,7,4,1.4,12.6,0.9800000000000004,3.9199999999999986
10,1,6,1,2.0,8.0,2.0,2.0
16,4,6,3,1.4285714285714286,10.285714285714285,4.081632653061227,3.061224489795917
21,4,17,3,0.5714285714285714,18.714285714285715,0.6530612244897949,0.48979591836734804
12,1,5,1,3.5,8.5,6.125,6.125
13,2,5,3,1.6,9.8,2.5600000000000005,3.8400000000000007
21,4,16,1,1.0,17.0,2.0,0.5
24,1,21,4,0.6,23.4,0.17999999999999972,0.7199999999999995
11,1,5,2,2.0,9.0,2.0,4.0
6,3,3,2,0.6,4.2,0.5399999999999996,0.3600000000000002
16,1,5,2,3.6666666666666665,12.333333333333334,6.722222222222221,13.444444444444446
14,4,9,1,1.0,10.0,2.0,0.5
9,4,1,3,1.1428571428571428,4.428571428571429,2.612244897959183,1.9591836734693882
15,2,4,4,1.8333333333333333,11.333333333333334,3.3611111111111107,6.722222222222225
22,3,10,2,2.4,14.8,8.639999999999993,5.760000000000003
6,1,4,4,0.4,5.6,0.08000000000000052,0.3199999999999996
19,3,16,4,0.42857142857142855,17.714285714285715,0.2755102040816322,0.36734693877551106
21,3,18,2,0.6,19.2,0.5399999999999991,0.36000000000000065
8,2,4,3,0.8,6.4,0.6399999999999988,0.9600000000000006
22,1,3,1,9.5,12.5,45.125,45.125
24,4,10,3,2.0,16.0,8.0,6.0
18,4,8,3,1.4285714285714286,12.285714285714285,4.081632653061227,3.061224489795917
22,1,20,4,0.4,21.6,0.08000000000000007,0.3200000000000005
10,2,7,1,1.0,8.0,1.0,0.5
11,2,0,3,2.2,6.6,4.840000000000003,7.259999999999998
6,3,4,1,0.5,4.5,0.375,0.125
12,1,5,2,2.3333333333333335,9.666666666666666,2.7222222222222214,5.444444444444444
10,2,3,4,1.1666666666666667,7.666666666666666,1.3611111111111125,2.722222222222222
24,3,12,4,1.7142857142857142,18.857142857142858,4.408163265306122,5.877551020408163
18,3,8,2,2.0,12.0,6.0,4.0
11,2,9,2,0.5,10.0,0.25,0.25
24,4,8,4,2.0,16.0,8.0,8.0
11,4,5,4,0.75,8.0,1.125,1.125
9,2,4,3,1.0,7.0,1.0,1.5
12,3,10,2,0.4,10.8,0.2400000000000002,0.16000000000000025
17,3,12,3,0.8333333333333334,14.5,1.0416666666666679,1.0416666666666672
14,2,3,3,2.2,9.6,4.840000000000003,7.259999999999998
13,2,2,3,2.2,8.6,4.84,7.26
18,4,13,2,0.8333333333333334,14.666666666666666,1.3888888888888893,0.694444444444443
9,1,4,4,1.0,8.0,0.5,2.0
24,4,15,1,1.8,16.8,6.479999999999997,1.6200000000000019
21,1,19,4,0.4,20.6,0.08000000000000007,0.3199999999999996
23,2,10,2,3.25,16.5,10.5625,10.5625
12,2,8,1,1.3333333333333333,9.333333333333334,1.7777777777777768,0.8888888888888897
15,1,4,1,5.5,9.5,15.125,15.125
17,1,11,3,1.5,15.5,1.125,3.375
13,2,2,4,1.8333333333333333,9.333333333333334,3.3611111111111107,6.722222222222223
21,1,19,1,1.0,20.0,0.5,0.5
12,1,0,2,4.0,8.0,8.0,16.0
14,4,0,3,2.0,6.0,8.0,6.0
8,2,6,2,0.5,7.0,0.25,0.25
10,2,4,2,1.5,7.0,2.25,2.25
10,1,4,3,1.5,8.5,1.125,3.375
11,3,0,3,1.8333333333333333,5.5,5.041666666666666,5.041666666666666
18,3,14,3,0.6666666666666666,16.0,0.6666666666666679,0.6666666666666673
7,3,5,1,0.5,5.5,0.375,0.125
14,1,8,2,2.0,12.0,2.0,4.0
22,3,0,3,3.6666666666666665,11.0,20.166666666666664,20.166666666666664
12,2,2,1,3.3333333333333335,5.333333333333333,11.111111111111107,5.5555555555555545
17,4,1,1,3.2,4.199999999999999,20.480000000000004,5.119999999999997
7,2,1,2,1.5,4.0,2.25,2.25
9,1,2,3,1.75,7.25,1.53125,4.59375
13,4,6,4,0.875,9.5,1.53125,1.53125
12,1,10,3,0.5,11.5,0.125,0.375
21,4,17,3,0.5714285714285714,18.714285714285715,0.6530612244897949,0.48979591836734804
15,1,10,1,2.5,12.5,3.125,3.125
10,1,2,3,2.0,8.0,2.0,6.0
6,2,3,4,0.5,5.0,0.25,0.5
8,3,0,3,1.3333333333333333,4.0,2.666666666666667,2.6666666666666665
13,2,8,2,1.25,10.5,1.5625,1.5625
7,2,4,2,0.75,5.5,0.5625,0.5625
20,1,4,1,8.0,12.0,32.0,32.0
16,4,0,1,3.2,3.1999999999999993,20.48,5.119999999999997
22,4,10,2,2.0,14.0,8.0,4.0
7,1,0,4,1.4,5.6,0.9799999999999995,3.9199999999999995
12,2,3,4,1.5,9.0,2.25,4.5
10,1,3,3,1.75,8.25,1.53125,4.59375
9,1,5,2,1.3333333333333333,7.666666666666667,0.8888888888888893,1.7777777777777777
10,1,3,4,1.4,8.6,0.9800000000000004,3.9200000000000004
9,1,3,4,1.2,7.8,0.7199999999999989,2.88
22,3,14,4,1.1428571428571428,18.571428571428573,1.9591836734693864,2.612244897959186
16,1,0,4,3.2,12.8,5.11999999999999,20.480000000000004
20,1,7,2,4.333333333333333,15.666666666666668,9.388888888888886,18.777777777777782
23,3,9,1,3.5,12.5,18.375,6.125
6,2,1,4,0.8333333333333334,4.333333333333333,0.6944444444444442,1.3888888888888886
19,1,1,1,9.0,10.0,40.5,40.5
18,3,5,4,1.8571428571428572,12.428571428571429,5.173469387755102,6.897959183673471
7,2,5,1,0.6666666666666666,5.666666666666667,0.44444444444444375,0.22222222222222243
13,4,6,2,1.1666666666666667,8.333333333333332,2.722222222222223,1.36111111111111
19,4,10,1,1.8,11.8,6.48,1.6200000000000019
11,1,1,1,5.0,6.0,12.5,12.5
9,2,2,2,1.75,5.5,3.0625,3.0625
22,2,20,4,0.3333333333333333,21.333333333333332,0.1111111111111116,0.22222222222222243
7,4,2,3,0.7142857142857143,4.142857142857142,1.0204081632653068,0.765306122448979
14,3,7,2,1.4,9.8,2.939999999999996,1.960000000000002
21,3,14,4,1.0,18.0,1.5,2.0
11,3,3,4,1.1428571428571428,7.571428571428571,1.9591836734693882,2.6122448979591826
18,4,9,3,1.2857142857142858,12.857142857142858,3.3061224489795933,2.4795918367346923
24,4,4,3,2.857142857142857,12.571428571428571,16.326530612244902,12.244897959183668
7,1,3,3,1.0,6.0,0.5,1.5
22,4,7,1,3.0,10.0,18.0,4.5
18,2,3,4,2.5,13.0,6.25,12.5
12,4,6,1,1.2,7.2,2.879999999999999,0.7200000000000013
16,2,5,2,2.75,10.5,7.5625,7.5625
8,4,4,2,0.6666666666666666,5.333333333333334,0.8888888888888888,0.44444444444444486
7,4,1,3,0.8571428571428571,3.5714285714285716,1.4693877551020411,1.1020408163265305
9,4,5,3,0.5714285714285714,6.714285714285714,0.6530612244897958,0.48979591836734715
12,1,6,2,2.0,10.0,2.0,4.0
10,3,2,4,1.1428571428571428,6.571428571428571,1.9591836734693864,2.6122448979591835
17,2,8,2,2.25,12.5,5.0625,5.0625
23,3,18,2,1.0,20.0,1.5,1.0
6,2,2,4,0.6666666666666666,4.666666666666667,0.4444444444444442,0.8888888888888891
19,2,1,3,3.6,11.8,12.96,19.44
21,1,18,3,0.75,20.25,0.28125,0.84375
19,3,2,2,3.4,8.8,17.339999999999996,11.560000000000002
15,2,12,1,1.0,13.0,1.0,0.5
11,1,3,4,1.6,9.4,1.2799999999999994,5.119999999999999
10,2,8,2,0.5,9.0,0.25,0.25
16,3,7,2,1.8,10.6,4.860000000000003,3.2399999999999984
18,4,2,1,3.2,5.199999999999999,20.48,5.119999999999996
19,4,12,4,0.875,15.5,1.53125,1.53125
10,3,7,2,0.6,8.2,0.5400000000000009,0.3599999999999989
10,3,0,2,2.0,4.0,6.0,4.0
11,2,6,2,1.25,8.5,1.5625,1.5625
22,4,10,4,1.5,16.0,4.5,4.5
7,2,2,3,1.0,5.0,1.0,1.5
10,1,8,4,0.4,9.6,0.08000000000000007,0.3199999999999996
7,3,3,3,0.6666666666666666,5.0,0.6666666666666665,0.6666666666666664
15,2,3,1,4.0,7.0,16.0,8.0
14,1,9,3,1.25,12.75,0.78125,2.34375
13,4,5,4,1.0,9.0,2.0,2.0
6,2,1,2,1.25,3.5,1.5625,1.5625
23,4,6,2,2.8333333333333335,11.666666666666666,16.055555555555557,8.027777777777779
12,3,8,3,0.6666666666666666,10.0,0.666666666666667,0.6666666666666664
15,4,2,4,1.625,8.5,5.28125,5.28125
13,4,8,3,0.7142857142857143,10.142857142857142,1.0204081632653068,0.7653061224489788
9,1,2,2,2.3333333333333335,6.666666666666666,2.722222222222223,5.444444444444444
14,4,12,2,0.3333333333333333,12.666666666666666,0.22222222222222232,0.11111111111111033
10,3,4,3,1.0,7.0,1.5,1.5
19,2,14,3,1.0,17.0,1.0,1.5
14,3,10,1,1.0,11.0,1.5,0.5
18,2,12,4,1.0,16.0,1.0,2.0
11,1,1,1,5.0,6.0,12.5,12.5
7,1,0,3,1.75,5.25,1.53125,4.59375
23,1,14,3,2.25,20.75,2.53125,7.59375
14,4,9,1,1.0,10.0,2.0,0.5
18,4,10,2,1.3333333333333333,12.666666666666668,3.5555555555555536,1.7777777777777795
8,2,1,1,2.3333333333333335,3.333333333333333,5.444444444444444,2.722222222222222
11,2,4,3,1.4,8.2,1.9600000000000009,2.9399999999999995
9,2,6,2,0.75,7.5,0.5625,0.5625
20,4,1,4,2.375,10.5,11.28125,11.28125
9,2,4,4,0.8333333333333334,7.333333333333333,0.6944444444444446,1.3888888888888882
22,4,9,3,1.8571428571428572,14.571428571428571,6.897959183673471,5.173469387755102
6,1,0,3,1.5,4.5,1.125,3.375
9,4,6,4,0.375,7.5,0.28125,0.28125
12,2,2,2,2.5,7.0,6.25,6.25
6,1,1,4,1.0,5.0,0.5,2.0
21,1,13,4,1.6,19.4,1.2800000000000011,5.119999999999997
19,4,8,1,2.2,10.2,9.680000000000003,2.4199999999999995
24,4,21,1,0.6,21.6,0.7199999999999971,0.18000000000000121
14,2,12,3,0.4,13.2,0.16000000000000014,0.2399999999999995
12,2,10,2,0.5,11.0,0.25,0.25
18,1,15,2,1.0,17.0,0.5,1.0
18,1,3,2,5.0,13.0,12.5,25.0
14,3,5,2,1.8,8.6,4.859999999999999,3.24
19,3,15,4,0.5714285714285714,17.285714285714285,0.4897959183673457,0.6530612244897956
18,3,0,1,4.5,4.5,30.375,10.125
10,2,0,4,1.6666666666666667,6.666666666666666,2.7777777777777786,5.5555555555555545
6,4,2,3,0.5714285714285714,3.7142857142857144,0.6530612244897958,0.48979591836734715
6,4,4,2,0.3333333333333333,4.666666666666667,0.2222222222222221,0.11111111111111122
16,4,9,1,1.4,10.4,3.9200000000000017,0.9799999999999992
6,2,1,3,1.0,4.0,1.0,1.5
12,2,4,2,2.0,8.0,4.0,4.0
20,2,0,1,6.666666666666667,6.666666666666666,44.44444444444444,22.222222222222218
15,1,0,1,7.5,7.5,28.125,28.125
14,3,7,3,1.1666666666666667,10.5,2.041666666666668,2.041666666666665
12,1,3,3,2.25,9.75,2.53125,7.59375
21,2,10,1,3.6666666666666665,13.666666666666668,13.444444444444443,6.7222222222222285
14,3,12,3,0.3333333333333333,13.0,0.16666666666666607,0.16666666666666638
17,1,13,1,2.0,15.0,2.0,2.0
24,2,7,3,3.4,17.2,11.559999999999995,17.339999999999996
8,3,4,1,1.0,5.0,1.5,0.5
15,4,4,3,1.5714285714285714,8.714285714285715,4.938775510204078,3.7040816326530637
12,2,7,2,1.25,9.5,1.5625,1.5625
19,4,6,1,2.6,8.6,13.519999999999996,3.3799999999999977
9,4,6,1,0.6,6.6,0.7200000000000002,0.17999999999999988
15,4,5,3,1.4285714285714286,9.285714285714285,4.081632653061229,3.061224489795916
23,4,14,3,1.2857142857142858,17.857142857142858,3.3061224489795897,2.479591836734696
16,1,11,3,1.25,14.75,0.78125,2.34375
13,2,1,4,2.0,9.0,4.0,8.0
22,4,11,1,2.2,13.2,9.680000000000007,2.419999999999996
10,3,5,4,0.7142857142857143,7.857142857142858,0.7653061224489797,1.0204081632653061
19,3,16,2,0.6,17.2,0.5400000000000009,0.3599999999999989
24,4,16,1,1.6,17.6,5.119999999999997,1.280000000000002
20,3,0,1,5.0,5.0,37.5,12.5
6,2,4,4,0.3333333333333333,5.333333333333333,0.11111111111111116,0.2222222222222222
18,1,7,3,2.75,15.25,3.78125,11.34375
23,4,20,3,0.42857142857142855,21.285714285714285,0.36734693877551017,0.27551020408163174
22,1,4,2,6.0,16.0,18.0,36.0
12,1,3,1,4.5,7.5,10.125,10.125
19,4,1,1,3.6,4.6,25.920000000000005,6.479999999999999
7,4,0,3,1.0,3.0,2.0,1.5
8,4,3,1,1.0,4.0,2.0,0.5
7,4,2,4,0.625,4.5,0.78125,0.78125
16,3,0,4,2.2857142857142856,9.142857142857142,7.836734693877549,10.448979591836734
20,4,6,4,1.75,13.0,6.125,6.125
12,3,5,4,1.0,9.0,1.5,2.0
17,2,14,2,0.75,15.5,0.5625,0.5625
13,3,8,1,1.25,9.25,2.34375,0.78125
18,2,14,2,1.0,16.0,1.0,1.0
22,2,17,3,1.0,20.0,1.0,1.5
13,4,6,4,0.875,9.5,1.53125,1.53125
12,1,9,2,1.0,11.0,0.5,1.0
7,3,2,2,1.0,4.0,1.5,1.0
7,1,4,4,0.6,6.4,0.1800000000000006,0.72
12,2,7,4,0.8333333333333334,10.333333333333334,0.6944444444444429,1.3888888888888895
14,2,3,2,2.75,8.5,7.5625,7.5625
23,3,11,3,2.0,17.0,6.0,6.0
23,4,16,3,1.0,19.0,2.0,1.5
18,4,2,4,2.0,10.0,8.0,8.0
18,2,11,3,1.4,15.2,1.9600000000000009,2.9399999999999995
14,3,12,1,0.5,12.5,0.375,0.125
13,4,11,1,0.4,11.4,0.3199999999999994,0.08000000000000013
19,2,14,4,0.8333333333333334,17.333333333333332,0.6944444444444446,1.3888888888888877
21,4,15,3,0.8571428571428571,17.571428571428573,1.4693877551020407,1.1020408163265323
21,2,19,2,0.5,20.0,0.25,0.25
21,2,0,1,7.0,7.0,49.0,24.5
9,2,6,4,0.5,8.0,0.25,0.5
20,2,1,4,3.1666666666666665,13.666666666666668,10.027777777777771,20.05555555555556
12,4,8,1,0.8,8.8,1.2799999999999994,0.3200000000000005
12,2,6,2,1.5,9.0,2.25,2.25
10,1,8,4,0.4,9.6,0.08000000000000007,0.3199999999999996
11,3,1,4,1.4285714285714286,6.714285714285714,3.0612244897959187,4.081632653061225
18,2,7,4,1.8333333333333333,14.333333333333334,3.3611111111111107,6.722222222222225
6,2,0,3,1.2,3.6,1.4399999999999995,2.16
24,1,1,4,4.6,19.4,10.580000000000013,42.31999999999999
20,4,6,4,1.75,13.0,6.125,6.125
17,3,2,2,3.0,8.0,13.5,9.0
18,3,3,4,2.142857142857143,11.571428571428571,6.887755102040817,9.183673469387758
9,3,2,2,1.4,4.800000000000001,2.9399999999999995,1.960000000000001
18,3,6,3,2.0,12.0,6.0,6.0
8,4,4,4,0.5,6.0,0.5,0.5
19,4,16,4,0.375,17.5,0.28125,0.28125
11,2,3,1,2.6666666666666665,5.666666666666667,7.111111111111111,3.5555555555555554
14,4,6,1,1.6,7.6,5.120000000000001,1.2799999999999985
20,1,13,3,1.75,18.25,1.53125,4.59375
9,3,7,2,0.4,7.8,0.23999999999999977,0.1599999999999998
14,1,7,3,1.75,12.25,1.53125,4.59375
21,1,0,3,5.25,15.75,13.78125,41.34375
14,4,10,1,0.8,10.8,1.2800000000000011,0.3200000000000005
23,1,13,2,3.3333333333333335,19.666666666666668,5.555555555555557,11.111111111111109
23,1,9,3,3.5,19.5,6.125,18.375
20,1,14,4,1.2,18.8,0.7200000000000024,2.879999999999998
10,2,3,2,1.75,6.5,3.0625,3.0625
12,3,4,4,1.1428571428571428,8.571428571428571,1.9591836734693882,2.6122448979591826
21,3,9,4,1.7142857142857142,15.857142857142858,4.408163265306122,5.877551020408166
24,3,2,4,3.142857142857143,14.571428571428571,14.816326530612251,19.755102040816325
12,3,4,1,2.0,6.0,6.0,2.0
9,2,3,2,1.5,6.0,2.25,2.25
10,1,4,4,1.2,8.8,0.7199999999999989,2.880000000000001
19,4,3,3,2.2857142857142856,9.857142857142858,10.448979591836732,7.836734693877551
11,3,4,3,1.1666666666666667,7.5,2.041666666666668,2.041666666666666
14,4,6,1,1.6,7.6,5.120000000000001,1.2799999999999985
12,2,5,1,2.3333333333333335,7.333333333333333,5.444444444444443,2.72222222222222
21,3,11,4,1.4285714285714286,16.714285714285715,3.061224489795915,4.081632653061226
16,1,9,2,2.3333333333333335,13.666666666666666,2.722222222222225,5.444444444444444
13,4,5,4,1.0,9.0,2.0,2.0
16,2,10,2,1.5,13.0,2.25,2.25
13,3,3,2,2.0,7.0,6.0,4.0
9,2,4,2,1.25,6.5,1.5625,1.5625
15,3,9,4,0.8571428571428571,12.428571428571429,1.1020408163265305,1.4693877551020407
23,3,19,3,0.6666666666666666,21.0,0.6666666666666661,0.6666666666666673
12,4,1,4,1.375,6.5,3.78125,3.78125
7,4,5,4,0.25,6.0,0.125,0.125
20,3,0,4,2.857142857142857,11.428571428571429,12.244897959183675,16.3265306122449
12,1,8,3,1.0,11.0,0.5,1.5
15,2,5,2,2.5,10.0,6.25,6.25
7,2,2,4,0.8333333333333334,5.333333333333333,0.6944444444444446,1.3888888888888886
6,1,1,1,2.5,3.5,3.125,3.125
17,1,8,2,3.0,14.0,4.5,9.0
17,2,13,1,1.3333333333333333,14.333333333333334,1.777777777777775,0.8888888888888897
8,1,3,1,2.5,5.5,3.125,3.125
18,4,5,3,1.8571428571428572,10.571428571428571,6.897959183673468,5.1734693877551035
23,3,21,2,0.4,21.8,0.2400000000000002,0.16000000000000025
24,1,6,4,3.6,20.4,6.480000000000004,25.919999999999995
15,4,3,3,1.7142857142857142,8.142857142857142,5.877551020408163,4.408163265306122
22,1,8,2,4.666666666666667,17.333333333333332,10.8888888888889,21.777777777777768
10,4,4,4,0.75,7.0,1.125,1.125
7,4,0,2,1.1666666666666667,2.333333333333333,2.7222222222222228,1.3611111111111105
9,4,6,4,0.375,7.5,0.28125,0.28125
6,3,3,4,0.42857142857142855,4.714285714285714,0.2755102040816326,0.36734693877551017
10,2,5,1,1.6666666666666667,6.666666666666666,2.7777777777777786,1.3888888888888877
20,3,3,4,2.4285714285714284,12.714285714285715,8.846938775510203,11.79591836734694
14,1,3,3,2.75,11.25,3.78125,11.34375
6,2,3,2,0.75,4.5,0.5625,0.5625
16,1,5,2,3.6666666666666665,12.333333333333334,6.722222222222221,13.444444444444446
16,3,9,1,1.75,10.75,4.59375,1.53125
17,2,8,2,2.25,12.5,5.0625,5.0625
15,4,7,1,1.6,8.6,5.119999999999999,1.2799999999999985
22,3,1,1,5.25,6.25,41.34375,13.78125
18,2,8,2,2.5,13.0,6.25,6.25
9,1,2,3,1.75,7.25,1.53125,4.59375
22,2,8,4,2.3333333333333335,17.333333333333332,5.44444444444445,10.888888888888884
23,4,16,2,1.1666666666666667,18.333333333333332,2.722222222222225,1.36111111111111
22,1,0,4,4.4,17.6,9.679999999999993,38.720000000000006
9,4,7,1,0.4,7.4,0.31999999999999984,0.08000000000000013
14,3,8,3,1.0,11.0,1.5,1.5
17,4,0,4,2.125,8.5,9.03125,9.03125
19,2,11,3,1.6,15.8,2.5600000000000023,3.839999999999999
6,3,3,2,0.6,4.2,0.5399999999999996,0.3600000000000002
10,2,2,3,1.6,6.8,2.5599999999999987,3.84
16,4,12,1,0.8,12.8,1.2799999999999976,0.3200000000000005
18,3,5,4,1.8571428571428572,12.428571428571429,5.173469387755102,6.897959183673471
22,3,20,2,0.4,20.8,0.2400000000000002,0.16000000000000025
6,2,2,2,1.0,4.0,1.0,1.0
14,2,3,2,2.75,8.5,7.5625,7.5625
13,4,5,2,1.3333333333333333,7.666666666666667,3.5555555555555554,1.7777777777777777
21,1,5,3,4.0,17.0,8.0,24.0
15,2,4,2,2.75,9.5,7.5625,7.5625
23,4,3,1,4.0,7.0,32.0,8.0
13,1,6,1,3.5,9.5,6.125,6.125
9,3,2,1,1.75,3.75,4.59375,1.53125
11,1,3,1,4.0,7.0,8.0,8.0
12,1,0,4,2.4,9.6,2.879999999999999,11.52
14,4,0,1,2.8,2.8000000000000007,15.679999999999994,3.920000000000002
19,3,16,2,0.6,17.2,0.5400000000000009,0.3599999999999989
10,1,5,1,2.5,7.5,3.125,3.125
8,3,0,2,1.6,3.1999999999999993,3.8400000000000016,2.5599999999999987
7,3,5,4,0.2857142857142857,6.142857142857143,0.12244897959183687,0.16326530612244913
13,3,11,1,0.5,11.5,0.375,0.125
22,1,17,3,1.25,20.75,0.78125,2.34375
9,1,4,2,1.6666666666666667,7.333333333333333,1.3888888888888893,2.7777777777777763
20,2,0,4,3.3333333333333335,13.333333333333332,11.111111111111114,22.222222222222218
18,3,7,2,2.2,11.399999999999999,7.260000000000005,4.839999999999995
15,2,11,3,0.8,13.4,0.6399999999999988,0.9599999999999997
12,2,8,4,0.6666666666666666,10.666666666666666,0.44444444444444464,0.8888888888888888
16,2,8,2,2.0,12.0,4.0,4.0
7,3,0,4,1.0,4.0,1.5,2.0
9,2,2,3,1.4,6.2,1.9600000000000009,2.9400000000000004
19,1,1,2,6.0,13.0,18.0,36.0
17,2,3,2,3.5,10.0,12.25,12.25
13,1,6,1,3.5,9.5,6.125,6.125
15,1,2,3,3.25,11.75,5.28125,15.84375
21,3,2,3,3.1666666666666665,11.5,15.041666666666671,15.041666666666668
9,1,3,1,3.0,6.0,4.5,4.5
7,2,0,1,2.3333333333333335,2.333333333333333,5.4444444444444455,2.722222222222221
14,3,3,3,1.8333333333333333,8.5,5.041666666666668,5.041666666666666
8,3,6,2,0.4,6.8,0.23999999999999977,0.1599999999999998
16,3,4,2,2.4,8.8,8.639999999999997,5.760000000000002
6,3,0,3,1.0,3.0,1.5,1.5
18,2,11,2,1.75,14.5,3.0625,3.0625
19,3,12,4,1.0,16.0,1.5,2.0
8,4,6,3,0.2857142857142857,6.857142857142858,0.16326530612244872,0.12244897959183679
19,1,6,2,4.333333333333333,14.666666666666668,9.388888888888886,18.777777777777782
14,2,10,3,0.8,12.4,0.6399999999999988,0.9600000000000015
10,2,2,3,1.6,6.8,2.5599999999999987,3.84
14,3,11,2,0.6,12.2,0.5400000000000009,0.35999999999999976
24,1,8,2,5.333333333333333,18.666666666666668,14.222222222222214,28.44444444444445
8,4,1,3,1.0,4.0,2.0,1.5
15,4,4,2,1.8333333333333333,7.666666666666667,6.722222222222223,3.3611111111111116
8,1,6,4,0.4,7.6,0.08000000000000007,0.3199999999999996
9,1,4,4,1.0,8.0,0.5,2.0
18,1,4,2,4.666666666666667,13.333333333333332,10.888888888888893,21.777777777777775
17,4,11,3,0.8571428571428571,13.571428571428571,1.4693877551020424,1.1020408163265287
21,3,3,4,2.5714285714285716,13.285714285714285,9.918367346938787,13.224489795918362
16,3,8,3,1.3333333333333333,12.0,2.6666666666666643,2.6666666666666674
9,3,2,3,1.1666666666666667,5.5,2.041666666666665,2.041666666666667
21,3,1,3,3.3333333333333335,11.0,16.666666666666657,16.666666666666668
15,4,3,2,2.0,7.0,8.0,4.0
17,3,10,2,1.4,12.8,2.9400000000000013,1.9599999999999984
20,3,15,2,1.0,17.0,1.5,1.0
9,1,3,2,2.0,7.0,2.0,4.0
23,3,9,1,3.5,12.5,18.375,6.125
13,2,5,4,1.3333333333333333,10.333333333333334,1.777777777777775,3.555555555555557
21,1,4,4,3.4,17.6,5.779999999999987,23.120000000000005
7,2,3,2,1.0,5.0,1.0,1.0
11,2,3,4,1.3333333333333333,8.333333333333334,1.7777777777777786,3.5555555555555554
15,4,9,1,1.2,10.2,2.8800000000000026,0.7199999999999995
24,1,4,3,5.0,19.0,12.5,37.5
8,4,0,1,1.6,1.5999999999999996,5.12,1.2799999999999994
10,3,7,4,0.42857142857142855,8.714285714285715,0.27551020408163174,0.3673469387755106
17,3,5,2,2.4,9.8,8.639999999999997,5.76
14,4,10,1,0.8,10.8,1.2800000000000011,0.3200000000000005
21,2,15,3,1.2,18.6,1.4399999999999977,2.16
7,3,1,3,1.0,4.0,1.5,1.5
23,1,1,4,4.4,18.6,9.679999999999978,38.720000000000006
15,2,10,2,1.25,12.5,1.5625,1.5625
24,1,22,2,0.6666666666666666,23.333333333333332,0.22222222222222499,0.4444444444444431
17,1,1,2,5.333333333333333,11.666666666666668,14.2222222222222,28.44444444444445
17,3,11,1,1.5,12.5,3.375,1.125
19,3,11,1,2.0,13.0,6.0,2.0
10,4,8,4,0.25,9.0,0.125,0.125
7,1,0,2,2.3333333333333335,4.666666666666666,2.722222222222225,5.444444444444442
24,1,4,4,4.0,20.0,8.0,32.0
22,3,8,2,2.8,13.600000000000001,11.759999999999998,7.840000000000001
11,1,8,4,0.6,10.4,0.17999999999999972,0.7200000000000004
24,4,19,3,0.7142857142857143,21.142857142857142,1.0204081632653068,0.7653061224489797
6,2,2,3,0.8,4.4,0.6399999999999997,0.9600000000000002
12,2,0,4,2.0,8.0,4.0,8.0
15,2,12,2,0.75,13.5,0.5625,0.5625
17,3,3,2,2.8,8.600000000000001,11.759999999999994,7.840000000000004
6,2,3,3,0.6,4.8,0.3599999999999999,0.54
16,3,3,1,3.25,6.25,15.84375,5.28125
18,4,14,1,0.8,14.8,1.2799999999999994,0.3200000000000005
22,4,20,3,0.2857142857142857,20.857142857142858,0.16326530612244916,0.12244897959183701
14,3,9,4,0.7142857142857143,11.857142857142858,0.7653061224489797,1.0204081632653057
24,2,18,1,2.0,20.0,4.0,2.0
18,2,4,1,4.666666666666667,8.666666666666666,21.77777777777777,10.888888888888884
15,1,6,1,4.5,10.5,10.125,10.125
18,1,13,4,1.0,17.0,0.5,2.0
16,4,9,2,1.1666666666666667,11.333333333333332,2.722222222222223,1.36111111111111
18,3,9,2,1.8,12.6,4.859999999999999,3.24
11,3,2,2,1.8,5.6,4.860000000000001,3.24
6,4,1,1,1.0,2.0,2.0,0.5
14,4,2,4,1.5,8.0,4.5,4.5
20,4,7,4,1.625,13.5,5.28125,5.28125
19,2,14,1,1.6666666666666667,15.666666666666666,2.7777777777777786,1.388888888888886
18,3,3,3,2.5,10.5,9.375,9.375
20,1,12,3,2.0,18.0,2.0,6.0
16,3,14,3,0.3333333333333333,15.0,0.16666666666666607,0.16666666666666727
21,4,12,4,1.125,16.5,2.53125,2.53125
21,3,16,3,0.8333333333333334,18.5,1.0416666666666643,1.0416666666666672
19,1,6,4,2.6,16.4,3.3799999999999955,13.519999999999998
10,3,2,2,1.6,5.199999999999999,3.8400000000000016,2.559999999999998
10,4,4,2,1.0,6.0,2.0,1.0
15,4,6,2,1.5,9.0,4.5,2.25
14,2,9,1,1.6666666666666667,10.666666666666666,2.7777777777777786,1.3888888888888895
13,2,1,2,3.0,7.0,9.0,9.0
8,4,6,2,0.3333333333333333,6.666666666666667,0.22222222222222188,0.11111111111111122
12,1,7,2,1.6666666666666667,10.333333333333334,1.3888888888888857,2.777777777777779
23,3,14,1,2.25,16.25,7.59375,2.53125
12,4,7,3,0.7142857142857143,9.142857142857142,1.020408163265306,0.7653061224489797
23,3,0,1,5.75,5.75,49.59375,16.53125
14,3,8,2,1.2,10.4,2.16,1.4400000000000008
13,1,8,3,1.25,11.75,0.78125,2.34375
18,2,3,1,5.0,8.0,25.0,12.5
8,2,6,4,0.3333333333333333,7.333333333333333,0.11111111111111116,0.222222222222222
13,3,0,3,2.1666666666666665,6.5,7.041666666666668,7.041666666666666
23,1,20,3,0.75,22.25,0.28125,0.84375
20,1,7,2,4.333333333333333,15.666666666666668,9.388888888888886,18.777777777777782
8,2,3,1,1.6666666666666667,4.666666666666666,2.7777777777777786,1.3888888888888877
19,4,1,2,3.0,7.0,18.0,9.0
24,4,9,4,1.875,16.5,7.03125,7.03125
12,3,0,2,2.4,4.800000000000001,8.639999999999995,5.760000000000002
21,3,12,4,1.2857142857142858,17.142857142857142,2.479591836734695,3.3061224489795906
18,2,16,3,0.4,17.2,0.16000000000000014,0.2399999999999995
21,1,18,4,0.6,20.4,0.1800000000000015,0.7199999999999995
14,4,9,3,0.7142857142857143,11.142857142857142,1.020408163265306,0.7653061224489788
22,3,4,4,2.5714285714285716,14.285714285714285,9.91836734693878,13.22448979591837
7,4,0,4,0.875,3.5,1.53125,1.53125
23,4,1,2,3.6666666666666665,8.333333333333334,26.888888888888886,13.444444444444446
13,4,3,4,1.25,8.0,3.125,3.125
6,1,2,3,1.0,5.0,0.5,1.5
23,4,5,1,3.6,8.6,25.919999999999995,6.48
21,3,0,1,5.25,5.25,41.34375,13.78125
23,1,8,1,7.5,15.5,28.125,28.125
14,4,3,2,1.8333333333333333,6.666666666666667,6.722222222222221,3.3611111111111107
7,3,4,2,0.6,5.2,0.54,0.3600000000000002
18,2,8,3,2.0,14.0,4.0,6.0
23,3,21,3,0.3333333333333333,22.0,0.16666666666666607,0.16666666666666638
13,2,10,1,1.0,11.0,1.0,0.5
14,3,6,4,1.1428571428571428,10.571428571428571,1.9591836734693882,2.6122448979591835
16,4,1,2,2.5,6.0,12.5,6.25
8,1,2,4,1.2,6.8,0.7199999999999989,2.88
17,2,4,3,2.6,11.8,6.760000000000002,10.14
10,2,6,2,1.0,8.0,1.0,1.0
19,2,17,3,0.4,18.2,0.16000000000000014,0.2399999999999995
15,1,8,2,2.3333333333333335,12.666666666666666,2.7222222222222214,5.444444444444444
21,3,12,1,2.25,14.25,7.59375,2.53125
18,2,10,2,2.0,14.0,4.0,4.0
22,4,13,4,1.125,17.5,2.53125,2.53125
11,2,8,2,0.75,9.5,0.5625,0.5625
13,3,5,1,2.0,7.0,6.0,2.0
10,4,0,2,1.6666666666666667,3.333333333333333,5.555555555555555,2.7777777777777772
21,3,1,4,2.857142857142857,12.428571428571429,12.244897959183668,16.326530612244905
10,3,4,3,1.0,7.0,1.5,1.5
7,3,4,2,0.6,5.2,0.54,0.3600000000000002
7,1,3,3,1.0,6.0,0.5,1.5
14,2,7,2,1.75,10.5,3.0625,3.0625
8,1,5,1,1.5,6.5,1.125,1.125
17,1,5,3,3.0,14.0,4.5,13.5
8,3,3,2,1.0,5.0,1.5,1.0
15,4,12,1,0.6,12.6,0.7199999999999998,0.18000000000000033
22,1,14,2,2.6666666666666665,19.333333333333332,3.555555555555557,7.111111111111111
17,4,14,2,0.5,15.0,0.5,0.25
11,4,0,1,2.2,2.1999999999999993,9.680000000000003,2.4199999999999986
11,1,1,4,2.0,9.0,2.0,8.0
17,4,2,2,2.5,7.0,12.5,6.25
13,1,3,1,5.0,8.0,12.5,12.5
10,3,0,1,2.5,2.5,9.375,3.125
12,2,6,4,1.0,10.0,1.0,2.0
6,4,3,3,0.42857142857142855,4.285714285714286,0.36734693877551017,0.2755102040816326
9,2,3,2,1.5,6.0,2.25,2.25
11,4,4,4,0.875,7.5,1.53125,1.53125
12,2,8,2,1.0,10.0,1.0,1.0
12,3,6,3,1.0,9.0,1.5,1.5
23,4,13,3,1.4285714285714286,17.285714285714285,4.081632653061231,3.061224489795915
8,2,5,4,0.5,7.0,0.25,0.5
9,2,6,1,1.0,7.0,1.0,0.5
9,2,1,1,2.6666666666666665,3.666666666666667,7.111111111111111,3.555555555555557
8,2,0,2,2.0,4.0,4.0,4.0
16,1,11,3,1.25,14.75,0.78125,2.34375
7,4,2,1,1.0,3.0,2.0,0.5
21,2,3,3,3.6,13.8,12.96,19.44000000000001
11,3,3,1,2.0,5.0,6.0,2.0
18,2,2,1,5.333333333333333,7.333333333333334,28.444444444444443,14.222222222222229
16,4,9,2,1.1666666666666667,11.333333333333332,2.722222222222223,1.36111111111111
19,4,13,1,1.2,14.2,2.8800000000000026,0.7199999999999995
7,4,5,1,0.4,5.4,0.3200000000000003,0.08000000000000013
14,2,4,2,2.5,9.0,6.25,6.25
16,1,5,4,2.2,13.8,2.419999999999998,9.680000000000001
17,4,12,1,1.0,13.0,2.0,0.5
15,2,5,2,2.5,10.0,6.25,6.25
19,2,1,2,4.5,10.0,20.25,20.25
10,4,2,2,1.3333333333333333,4.666666666666667,3.5555555555555545,1.7777777777777781
17,3,6,2,2.2,10.399999999999999,7.260000000000005,4.839999999999997
14,4,1,1,2.6,3.5999999999999996,13.519999999999996,3.3799999999999994
17,1,14,4,0.6,16.4,0.1800000000000015,0.7199999999999978
8,3,4,4,0.5714285714285714,6.285714285714286,0.4897959183673475,0.6530612244897956
13,3,3,2,2.0,7.0,6.0,4.0
8,3,3,2,1.0,5.0,1.5,1.0
10,1,5,1,2.5,7.5,3.125,3.125
24,2,4,1,6.666666666666667,10.666666666666666,44.44444444444443,22.222222222222218
15,3,6,2,1.8,9.6,4.859999999999999,3.24
8,3,1,4,1.0,5.0,1.5,2.0
13,3,6,2,1.4,8.8,2.9399999999999995,1.960000000000002
19,4,12,3,1.0,15.0,2.0,1.5
10,3,8,3,0.3333333333333333,9.0,0.16666666666666652,0.16666666666666682
17,1,6,1,5.5,11.5,15.125,15.125
9,1,3,3,1.5,7.5,1.125,3.375
16,1,4,1,6.0,10.0,18.0,18.0
17,1,5,4,2.4,14.6,2.8799999999999955,11.52
24,4,1,3,3.2857142857142856,10.857142857142858,21.591836734693885,16.193877551020414
11,2,2,2,2.25,6.5,5.0625,5.0625
20,4,5,4,1.875,12.5,7.03125,7.03125
16,3,12,1,1.0,13.0,1.5,0.5
7,2,3,1,1.3333333333333333,4.333333333333334,1.777777777777776,0.8888888888888897
16,3,6,1,2.5,8.5,9.375,3.125
20,3,18,3,0.3333333333333333,19.0,0.16666666666666607,0.16666666666666638
21,1,2,3,4.75,16.25,11.28125,33.84375
20,2,17,3,0.6,18.8,0.3600000000000012,0.54
17,2,6,3,2.2,12.6,4.84,7.26
15,3,1,2,2.8,6.600000000000001,11.759999999999998,7.840000000000004
12,3,5,3,1.1666666666666667,8.5,2.0416666666666643,2.041666666666667
16,1,12,3,1.0,15.0,0.5,1.5
15,4,1,1,2.8,3.8000000000000007,15.68,3.9200000000000013
10,4,8,1,0.4,8.4,0.3199999999999994,0.08000000000000013
17,3,1,1,4.0,5.0,24.0,8.0
8,3,6,1,0.5,6.5,0.375,0.125
10,1,1,3,2.25,7.75,2.53125,7.59375
8,1,3,3,1.25,6.75,0.78125,2.34375
18,4,2,3,2.2857142857142856,8.857142857142858,10.448979591836732,7.836734693877553
22,4,8,3,2.0,14.0,8.0,6.0
15,4,2,2,2.1666666666666665,6.333333333333334,9.388888888888891,4.6944444444444455
24,4,15,2,1.5,18.0,4.5,2.25
16,4,14,2,0.3333333333333333,14.666666666666666,0.22222222222222232,0.11111111111111122
17,3,9,4,1.1428571428571428,13.571428571428571,1.9591836734693882,2.6122448979591844
24,3,16,2,1.6,19.2,3.8400000000000034,2.559999999999997
13,1,5,2,2.6666666666666665,10.333333333333334,3.55555555555555,7.111111111111114
7,2,4,3,0.6,5.8,0.3600000000000003,0.54
8,4,0,3,1.1428571428571428,3.428571428571429,2.612244897959184,1.9591836734693877
17,3,2,2,3.0,8.0,13.5,9.0
20,4,10,2,1.6666666666666667,13.333333333333332,5.555555555555557,2.7777777777777755
9,2,2,4,1.1666666666666667,6.666666666666666,1.3611111111111116,2.722222222222222
24,3,17,1,1.75,18.75,4.59375,1.53125
13,2,4,1,3.0,7.0,9.0,4.5
19,3,1,1,4.5,5.5,30.375,10.125
20,3,15,1,1.25,16.25,2.34375,0.78125
10,2,5,4,0.8333333333333334,8.333333333333334,0.6944444444444438,1.3888888888888895
24,3,21,4,0.42857142857142855,22.714285714285715,0.2755102040816322,0.36734693877551017
21,2,19,1,0.6666666666666666,19.666666666666668,0.44444444444444464,0.22222222222222243
7,4,3,1,0.8,3.8,1.2800000000000002,0.3199999999999996
22,1,18,1,2.0,20.0,2.0,2.0
16,4,12,2,0.6666666666666666,13.333333333333334,0.8888888888888875,0.44444444444444486
20,4,5,3,2.142857142857143,11.428571428571429,9.183673469387752,6.887755102040817
14,1,11,2,1.0,13.0,0.5,1.0
11,3,8,2,0.6,9.2,0.54,0.35999999999999976
11,1,1,1,5.0,6.0,12.5,12.5
21,2,10,1,3.6666666666666665,13.666666666666668,13.444444444444443,6.7222222222222285
11,4,2,3,1.2857142857142858,5.857142857142857,3.3061224489795933,2.479591836734694
10,4,0,1,2.0,2.0,8.0,2.0
20,2,5,3,3.0,14.0,9.0,13.5
18,4,9,4,1.125,13.5,2.53125,2.53125
10,2,5,2,1.25,7.5,1.5625,1.5625
11,3,7,2,0.8,8.6,0.9600000000000009,0.6399999999999992
12,2,5,1,2.3333333333333335,7.333333333333333,5.444444444444443,2.72222222222222
23,4,14,2,1.5,17.0,4.5,2.25
16,3,2,1,3.5,5.5,18.375,6.125
6,4,3,1,0.6,3.6,0.7199999999999998,0.18000000000000033
17,2,11,3,1.2,14.6,1.4399999999999977,2.16
24,3,4,3,3.3333333333333335,14.0,16.666666666666657,16.666666666666668
11,3,5,4,0.8571428571428571,8.428571428571429,1.1020408163265314,1.4693877551020407
18,4,13,2,0.8333333333333334,14.666666666666666,1.3888888888888893,0.694444444444443
19,4,8,1,2.2,10.2,9.680000000000003,2.4199999999999995
18,4,8,1,2.0,10.0,8.0,2.0
9,1,5,1,2.0,7.0,2.0,2.0
15,4,13,4,0.25,14.0,0.125,0.125
22,2,15,2,1.75,18.5,3.0625,3.0625
18,1,4,1,7.0,11.0,24.5,24.5
16,1,4,2,4.0,12.0,8.0,16.0
6,3,4,1,0.5,4.5,0.375,0.125
17,4,10,2,1.1666666666666667,12.333333333333332,2.722222222222225,1.36111111111111
15,1,5,4,2.0,13.0,2.0,8.0
8,1,4,3,1.0,7.0,0.5,1.5
15,3,3,2,2.4,7.800000000000001,8.639999999999997,5.760000000000003
23,1,5,4,3.6,19.4,6.47999999999999,25.92
8,3,4,4,0.5714285714285714,6.285714285714286,0.4897959183673475,0.6530612244897956
20,3,9,2,2.2,13.399999999999999,7.2599999999999945,4.839999999999999
21,1,0,4,4.2,16.8,8.819999999999993,35.28
8,2,6,4,0.3333333333333333,7.333333333333333,0.11111111111111116,0.222222222222222
22,2,7,1,5.0,12.0,25.0,12.5
17,3,10,1,1.75,11.75,4.59375,1.53125
9,3,1,2,1.6,4.199999999999999,3.84,2.5599999999999987
7,2,3,1,1.3333333333333333,4.333333333333334,1.777777777777776,0.8888888888888897
21,3,12,1,2.25,14.25,7.59375,2.53125
8,2,3,3,1.0,6.0,1.0,1.5
21,4,12,2,1.5,15.0,4.5,2.25
18,3,14,4,0.5714285714285714,16.285714285714285,0.4897959183673457,0.6530612244897956
11,1,8,1,1.5,9.5,1.125,1.125
13,2,3,2,2.5,8.0,6.25,6.25
21,1,15,3,1.5,19.5,1.125,3.375
19,4,8,4,1.375,13.5,3.78125,3.78125
23,4,5,4,2.25,14.0,10.125,10.125
23,1,17,4,1.2,21.8,0.7199999999999989,2.8800000000000017
19,2,14,1,1.6666666666666667,15.666666666666666,2.7777777777777786,1.388888888888886
15,3,7,4,1.1428571428571428,11.571428571428571,1.9591836734693882,2.6122448979591826
18,3,10,2,1.6,13.2,3.84,2.5600000000000005
12,3,7,2,1.0,9.0,1.5,1.0
17,4,3,1,2.8,5.800000000000001,15.679999999999993,3.920000000000004
18,2,1,3,3.4,11.2,11.560000000000002,17.340000000000003
15,2,4,2,2.75,9.5,7.5625,7.5625
18,1,5,1,6.5,11.5,21.125,21.125
8,1,0,1,4.0,4.0,8.0,8.0
23,4,12,2,1.8333333333333333,15.666666666666668,6.722222222222218,3.3611111111111143
24,2,16,1,2.6666666666666665,18.666666666666668,7.111111111111107,3.555555555555559
12,1,9,2,1.0,11.0,0.5,1.0
14,3,7,2,1.4,9.8,2.939999999999996,1.960000000000002
16,3,4,4,1.7142857142857142,10.857142857142858,4.408163265306122,5.877551020408163
18,1,6,2,4.0,14.0,8.0,16.0
21,3,15,3,1.0,18.0,1.5,1.5
17,2,14,3,0.6,15.8,0.35999999999999943,0.54
20,1,12,4,1.6,18.4,1.2800000000000011,5.119999999999994
22,3,8,3,2.3333333333333335,15.0,8.166666666666671,8.166666666666664
16,1,9,1,3.5,12.5,6.125,6.125
8,1,1,1,3.5,4.5,6.125,6.125
8,2,5,2,0.75,6.5,0.5625,0.5625
22,3,6,3,2.6666666666666665,14.0,10.666666666666671,10.666666666666663
22,3,12,4,1.4285714285714286,17.714285714285715,3.0612244897959187,4.081632653061226
9,4,3,4,0.75,6.0,1.125,1.125
15,3,2,4,1.8571428571428572,9.428571428571429,5.173469387755102,6.8979591836734695
8,4,5,3,0.42857142857142855,6.285714285714286,0.36734693877551017,0.2755102040816326
22,3,6,1,4.0,10.0,24.0,8.0
19,3,3,2,3.2,9.399999999999999,15.36,10.239999999999995
23,4,13,2,1.6666666666666667,16.333333333333332,5.555555555555557,2.7777777777777755
12,4,0,4,1.5,6.0,4.5,4.5
18,2,5,3,2.6,12.8,6.760000000000005,10.14
15,1,10,2,1.6666666666666667,13.333333333333334,1.3888888888888857,2.777777777777779
14,2,4,2,2.5,9.0,6.25,6.25
22,1,18,4,0.8,21.2,0.3200000000000003,1.2800000000000002
6,1,3,4,0.6,5.4,0.17999999999999927,0.7200000000000004
19,1,7,1,6.0,13.0,18.0,18.0
17,1,6,1,5.5,11.5,15.125,15.125
23,3,15,4,1.1428571428571428,19.571428571428573,1.9591836734693864,2.612244897959186
22,2,8,2,3.5,15.0,12.25,12.25
24,2,10,4,2.3333333333333335,19.333333333333332,5.444444444444443,10.888888888888888
14,2,11,2,0.75,12.5,0.5625,0.5625
12,3,6,3,1.0,9.0,1.5,1.5
18,1,8,4,2.0,16.0,2.0,8.0
6,4,3,4,0.375,4.5,0.28125,0.28125
18,1,4,1,7.0,11.0,24.5,24.5
10,1,0,4,2.0,8.0,2.0,8.0
21,4,1,3,2.857142857142857,9.571428571428571,16.326530612244902,12.244897959183671
19,4,6,1,2.6,8.6,13.519999999999996,3.3799999999999977
11,4,4,3,1.0,7.0,2.0,1.5
23,3,21,1,0.5,21.5,0.375,0.125
9,3,3,1,1.5,4.5,3.375,1.125
9,3,5,4,0.5714285714285714,7.285714285714286,0.4897959183673475,0.6530612244897956
13,3,8,2,1.0,10.0,1.5,1.0
11,1,4,1,3.5,7.5,6.125,6.125
18,4,15,2,0.5,16.0,0.5,0.25
12,3,7,1,1.25,8.25,2.34375,0.78125
7,3,2,3,0.8333333333333334,4.5,1.041666666666667,1.0416666666666663
19,2,6,4,2.1666666666666665,14.666666666666668,4.694444444444443,9.388888888888891
16,1,1,2,5.0,11.0,12.5,25.0
19,3,6,4,1.8571428571428572,13.428571428571429,5.173469387755102,6.8979591836734695
21,1,16,2,1.6666666666666667,19.333333333333332,1.3888888888888928,2.7777777777777755
21,3,19,4,0.2857142857142857,20.142857142857142,0.12244897959183731,0.16326530612244936
20,2,10,2,2.5,15.0,6.25,6.25
24,4,22,3,0.2857142857142857,22.857142857142858,0.16326530612244827,0.12244897959183701
6,4,4,3,0.2857142857142857,4.857142857142858,0.16326530612244894,0.12244897959183679
11,2,6,3,1.0,9.0,1.0,1.5
14,1,0,2,4.666666666666667,9.333333333333332,10.8888888888889,21.777777777777768
8,4,1,3,1.0,4.0,2.0,1.5
21,2,6,1,5.0,11.0,25.0,12.5
20,2,16,4,0.6666666666666666,18.666666666666668,0.44444444444444287,0.8888888888888897
22,1,18,1,2.0,20.0,2.0,2.0
22,1,3,2,6.333333333333333,15.666666666666668,20.05555555555553,40.11111111111112
14,2,6,2,2.0,10.0,4.0,4.0
22,1,5,2,5.666666666666667,16.333333333333332,16.055555555555557,32.111111111111114
22,1,8,1,7.0,15.0,24.5,24.5
7,2,1,2,1.5,4.0,2.25,2.25
23,2,6,1,5.666666666666667,11.666666666666666,32.111111111111114,16.055555555555557
11,1,3,3,2.0,9.0,2.0,6.0
23,3,6,1,4.25,10.25,27.09375,9.03125
13,4,5,2,1.3333333333333333,7.666666666666667,3.5555555555555554,1.7777777777777777
24,2,6,2,4.5,15.0,20.25,20.25
9,1,0,4,1.8,7.2,1.6199999999999974,6.48
15,4,12,1,0.6,12.6,0.7199999999999998,0.18000000000000033
14,2,0,1,4.666666666666667,4.666666666666666,21.777777777777782,10.888888888888884
19,3,12,3,1.1666666666666667,15.5,2.0416666666666643,2.0416666666666687
18,1,9,2,3.0,15.0,4.5,9.0
17,1,10,2,2.3333333333333335,14.666666666666666,2.7222222222222285,5.44444444444444
9,2,2,1,2.3333333333333335,4.333333333333333,5.444444444444443,2.722222222222221
21,1,10,2,3.6666666666666665,17.333333333333332,6.722222222222221,13.444444444444443
9,1,0,1,4.5,4.5,10.125,10.125
16,4,5,4,1.375,10.5,3.78125,3.78125
7,3,1,1,1.5,2.5,3.375,1.125
6,1,3,4,0.6,5.4,0.17999999999999927,0.7200000000000004
9,4,1,3,1.1428571428571428,4.428571428571429,2.612244897959183,1.9591836734693882
6,2,3,3,0.6,4.8,0.3599999999999999,0.54
11,1,5,2,2.0,9.0,2.0,4.0
19,2,13,2,1.5,16.0,2.25,2.25
20,4,7,1,2.6,9.6,13.519999999999996,3.3800000000000012
7,2,0,4,1.1666666666666667,4.666666666666666,1.3611111111111125,2.722222222222221
14,2,1,2,3.25,7.5,10.5625,10.5625
21,3,2,2,3.8,9.600000000000001,21.659999999999997,14.440000000000003
18,3,14,1,1.0,15.0,1.5,0.5
10,2,7,1,1.0,8.0,1.0,0.5
22,3,18,3,0.6666666666666666,20.0,0.6666666666666679,0.6666666666666655
8,2,3,2,1.25,5.5,1.5625,1.5625
6,1,1,3,1.25,4.75,0.78125,2.34375
21,4,5,2,2.6666666666666665,10.333333333333334,14.222222222222221,7.111111111111114
24,3,16,3,1.3333333333333333,20.0,2.666666666666668,2.6666666666666656
17,4,13,1,0.8,13.8,1.2799999999999994,0.3200000000000005
20,3,2,2,3.6,9.2,19.440000000000005,12.959999999999997
12,4,7,3,0.7142857142857143,9.142857142857142,1.020408163265306,0.7653061224489797
22,3,9,3,2.1666666666666665,15.5,7.041666666666671,7.0416666666666625
10,1,0,2,3.3333333333333335,6.666666666666666,5.555555555555557,11.111111111111109
20,4,3,3,2.4285714285714284,10.285714285714286,11.795918367346939,8.846938775510207
6,3,4,2,0.4,4.8,0.2400000000000002,0.1599999999999998
13,1,0,2,4.333333333333333,8.666666666666668,9.388888888888886,18.777777777777782
8,1,5,4,0.6,7.4,0.17999999999999972,0.7200000000000004
20,4,17,4,0.375,18.5,0.28125,0.28125
22,2,16,1,2.0,18.0,4.0,2.0
15,2,2,3,2.6,9.8,6.759999999999998,10.140000000000004
16,3,0,1,4.0,4.0,24.0,8.0
18,1,2,3,4.0,14.0,8.0,24.0
6,1,1,3,1.25,4.75,0.78125,2.34375
21,1,8,1,6.5,14.5,21.125,21.125
14,1,12,1,1.0,13.0,0.5,0.5
16,4,5,4,1.375,10.5,3.78125,3.78125
7,3,2,1,1.25,3.25,2.34375,0.78125
17,4,11,3,0.8571428571428571,13.571428571428571,1.4693877551020424,1.1020408163265287
18,1,5,4,2.6,15.4,3.3800000000000026,13.519999999999998
9,2,5,1,1.3333333333333333,6.333333333333334,1.7777777777777768,0.8888888888888897
8,1,5,2,1.0,7.0,0.5,1.0
24,4,10,1,2.8,12.8,15.679999999999993,3.919999999999997
13,4,3,1,2.0,5.0,8.0,2.0
10,4,7,2,0.5,8.0,0.5,0.25
24,3,21,1,0.75,21.75,0.84375,0.28125
8,2,3,2,1.25,5.5,1.5625,1.5625
22,1,10,3,3.0,19.0,4.5,13.5
15,3,7,2,1.6,10.2,3.84,2.5599999999999987
14,4,0,2,2.3333333333333335,4.666666666666666,10.888888888888891,5.444444444444442
22,3,19,2,0.6,20.2,0.5400000000000009,0.3599999999999989
21,1,10,3,2.75,18.25,3.78125,11.34375
18,3,16,4,0.2857142857142857,17.142857142857142,0.12244897959183731,0.16326530612244847
8,1,4,2,1.3333333333333333,6.666666666666667,0.8888888888888875,1.7777777777777786
8,2,6,3,0.4,7.2,0.1599999999999997,0.23999999999999994
19,2,5,1,4.666666666666667,9.666666666666666,21.77777777777777,10.888888888888888
10,1,5,1,2.5,7.5,3.125,3.125
9,1,0,1,4.5,4.5,10.125,10.125
7,1,5,1,1.0,6.0,0.5,0.5
18,3,15,1,0.75,15.75,0.84375,0.28125
23,1,9,2,4.666666666666667,18.333333333333332,10.8888888888889,21.777777777777775
7,3,5,1,0.5,5.5,0.375,0.125
10,2,1,3,1.8,6.4,3.2399999999999984,4.86
12,2,8,3,0.8,10.4,0.6400000000000006,0.9599999999999997
19,4,5,4,1.75,12.0,6.125,6.125
21,4,2,1,3.8,5.800000000000001,28.88,7.220000000000003
8,3,2,1,1.5,3.5,3.375,1.125
16,4,2,3,2.0,8.0,8.0,6.0
