a,kn,kd,w1,w2,cmax,c1,l1,c2,l2
116.18950038622249,1,2,15,20,1200,675.0,14.999999999999996,1031.25,8.437499999999996
134.16407864998737,1,2,15,20,1200,600.0,19.999999999999996,975.0,11.25
150.0,1,2,15,20,1200,525.0,24.999999999999996,918.75,14.0625
164.31676725154983,1,2,15,20,1200,449.99999999999994,30.000000000000004,862.5,16.875
177.4823934929885,1,2,15,20,1200,374.9999999999999,35.00000000000001,806.2499999999999,19.687500000000007
189.73665961010275,1,2,15,20,1200,300.0,40.0,750.0,22.499999999999996
201.24611797498108,1,2,15,20,1200,225.0,45.0,693.75,25.3125
212.13203435596427,1,2,15,20,1200,150.0,50.0,637.5,28.125
273.6990898008031,1,3,15,20,1200,675.0,15.000000000000004,1005.1442841485014,9.742785792574937
331.56283487763494,1,3,15,20,1200,599.9999999999999,20.000000000000007,940.1923788646684,12.990381056766582
384.74458800225693,1,3,15,20,1200,525.0,24.999999999999996,875.2404735808354,16.23797632095822
434.47022307253354,1,3,15,20,1200,450.0,30.0,810.2885682970026,19.485571585149874
481.4943662542859,1,3,15,20,1200,375.0000000000001,34.99999999999999,745.3366630131698,22.73316684934151
526.3231928783161,1,3,15,20,1200,299.9999999999999,40.00000000000001,680.3847577293368,25.980762113533164
569.317049078681,1,3,15,20,1200,225.0,45.0,615.4328524455038,29.228357377724805
610.7439637338542,1,3,15,20,1200,150.0,50.0,550.480947161671,32.47595264191645
55.48977167243559,2,3,15,20,1200,675.0,14.999999999999996,1073.4375,6.328124999999997
61.07439637338541,2,3,15,20,1200,600.0,20.0,1031.25,8.437500000000004
65.79039910978949,2,3,15,20,1200,525.0000000000002,24.99999999999999,989.0625000000001,10.546874999999993
69.91273138396183,2,3,15,20,1200,450.00000000000017,29.99999999999999,946.875,12.656249999999996
73.59899197924328,2,3,15,20,1200,375.00000000000034,34.99999999999998,904.6875,14.765624999999998
76.94891760045138,2,3,15,20,1200,300.0000000000001,39.99999999999999,862.5,16.875000000000004
80.03009935102642,2,3,15,20,1200,225.0000000000003,44.99999999999998,820.3125000000001,18.984374999999993
82.8907087194087,2,3,15,20,1200,150.00000000000023,49.999999999999986,778.125,21.093749999999996
567.4449654019055,1,4,15,20,1200,600.0,19.999999999999996,927.431911075179,13.628404446241046
670.820393249937,1,4,15,20,1200,525.0,24.999999999999996,859.2898888439738,17.035505557801308
769.1166115132213,1,4,15,20,1200,450.00000000000006,29.999999999999996,791.1478666127687,20.442606669361567
863.3805954910914,1,4,15,20,1200,375.0000000000001,34.99999999999999,723.0058443815633,23.849707780921833
954.3248745204609,1,4,15,20,1200,300.0000000000001,39.99999999999999,654.863822150358,27.256808892482095
1042.4629667594422,1,4,15,20,1200,225.0000000000001,44.99999999999999,586.7217999191529,30.663910004042357
1128.180927925918,1,4,15,20,1200,150.00000000000023,49.999999999999986,518.5797776879476,34.071011115602616
116.18950038622249,2,4,15,20,1200,675.0,14.999999999999996,1031.25,8.437499999999996
134.16407864998737,2,4,15,20,1200,600.0,19.999999999999996,975.0,11.25
150.0,2,4,15,20,1200,525.0,24.999999999999996,918.75,14.0625
164.31676725154983,2,4,15,20,1200,449.99999999999994,30.000000000000004,862.5,16.875
177.4823934929885,2,4,15,20,1200,374.9999999999999,35.00000000000001,806.2499999999999,19.687500000000007
189.73665961010275,2,4,15,20,1200,300.0,40.0,750.0,22.499999999999996
201.24611797498108,2,4,15,20,1200,225.0,45.0,693.75,25.3125
212.13203435596427,2,4,15,20,1200,150.0,50.0,637.5,28.125
42.294850537622565,3,4,15,20,1200,600.0,20.0,1073.4375,6.328125000000003
44.721359549995796,3,4,15,20,1200,524.9999999999998,25.000000000000014,1041.7968749999998,7.910156250000004
46.80694638641432,3,4,15,20,1200,450.0000000000003,29.999999999999982,1010.1562500000001,9.492187499999995
48.64598558195575,3,4,15,20,1200,375.0000000000001,34.99999999999999,978.515625,11.07421875
50.29733718731742,3,4,15,20,1200,300.0000000000002,39.999999999999986,946.875,12.656249999999998
51.80040128222703,3,4,15,20,1200,225.0000000000001,44.99999999999999,915.234375,14.238281249999998
53.182958969449885,3,4,15,20,1200,150.0000000000001,49.99999999999999,883.5937500000001,15.820312499999993
150.0,1,2,15,30,1800,525.0,24.999999999999996,1612.5,6.249999999999999
164.31676725154983,1,2,15,30,1800,449.99999999999994,30.000000000000004,1575.0,7.500000000000001
177.4823934929885,1,2,15,30,1800,374.9999999999999,35.00000000000001,1537.5,8.750000000000002
189.73665961010275,1,2,15,30,1800,300.0,40.0,1500.0,10.0
201.24611797498108,1,2,15,30,1800,225.0,45.0,1462.5,11.25
212.13203435596427,1,2,15,30,1800,150.0,50.0,1425.0,12.5
273.6990898008031,1,3,15,30,1800,675.0,15.000000000000004,1640.9009742330268,5.303300858899108
331.56283487763494,1,3,15,30,1800,599.9999999999999,20.000000000000007,1587.8679656440358,7.071067811865478
384.74458800225693,1,3,15,30,1800,525.0,24.999999999999996,1534.8349570550447,8.838834764831844
434.47022307253354,1,3,15,30,1800,450.0,30.0,1481.8019484660535,10.606601717798215
481.4943662542859,1,3,15,30,1800,375.0000000000001,34.99999999999999,1428.7689398770626,12.374368670764582
526.3231928783161,1,3,15,30,1800,299.9999999999999,40.00000000000001,1375.7359312880715,14.142135623730955
569.317049078681,1,3,15,30,1800,225.0,45.0,1322.7029226990803,15.90990257669732
610.7439637338542,1,3,15,30,1800,150.0,50.0,1269.6699141100894,17.67766952966369
76.94891760045138,2,3,15,30,1800,300.0000000000001,39.99999999999999,1650.0,5.000000000000001
80.03009935102642,2,3,15,30,1800,225.0000000000003,44.99999999999998,1631.25,5.624999999999999
82.8907087194087,2,3,15,30,1800,150.00000000000023,49.999999999999986,1612.5,6.25
457.31947333915326,1,4,15,30,1800,675.0,14.999999999999998,1621.4173816535776,5.952753944880747
567.4449654019055,1,4,15,30,1800,600.0,19.999999999999996,1561.8898422047703,7.937005259840997
670.820393249937,1,4,15,30,1800,525.0,24.999999999999996,1502.3623027559624,9.921256574801246
769.1166115132213,1,4,15,30,1800,450.00000000000006,29.999999999999996,1442.834763307155,11.905507889761495
863.3805954910914,1,4,15,30,1800,375.0000000000001,34.99999999999999,1383.3072238583477,13.889759204721743
954.3248745204609,1,4,15,30,1800,300.0000000000001,39.99999999999999,1323.77968440954,15.874010519681994
1042.4629667594422,1,4,15,30,1800,225.0000000000001,44.99999999999999,1264.2521449607327,17.858261834642242
1128.180927925918,1,4,15,30,1800,150.00000000000023,49.999999999999986,1204.7246055119253,19.84251314960249
150.0,2,4,15,30,1800,525.0,24.999999999999996,1612.5,6.249999999999999
164.31676725154983,2,4,15,30,1800,449.99999999999994,30.000000000000004,1575.0,7.500000000000001
177.4823934929885,2,4,15,30,1800,374.9999999999999,35.00000000000001,1537.5,8.750000000000002
189.73665961010275,2,4,15,30,1800,300.0,40.0,1500.0,10.0
201.24611797498108,2,4,15,30,1800,225.0,45.0,1462.5,11.25
212.13203435596427,2,4,15,30,1800,150.0,50.0,1425.0,12.5
212.13203435596427,1,2,15,45,2700,150.0,50.0,2450.0,5.555555555555555
434.47022307253354,1,3,15,45,2700,450.0,30.0,2440.1923788646686,5.773502691896258
481.4943662542859,1,3,15,45,2700,375.0000000000001,34.99999999999999,2396.8911086754465,6.735753140545635
526.3231928783161,1,3,15,45,2700,299.9999999999999,40.00000000000001,2353.5898384862244,7.698003589195014
569.317049078681,1,3,15,45,2700,225.0,45.0,2310.2885682970027,8.660254037844387
610.7439637338542,1,3,15,45,2700,150.0,50.0,2266.9872981077806,9.622504486493765
670.820393249937,1,4,15,45,2700,525.0,24.999999999999996,2439.989522118512,5.778010619588623
769.1166115132213,1,4,15,45,2700,450.00000000000006,29.999999999999996,2387.9874265422145,6.9336127435063455
863.3805954910914,1,4,15,45,2700,375.0000000000001,34.99999999999999,2335.985330965917,8.08921486742407
954.3248745204609,1,4,15,45,2700,300.0000000000001,39.99999999999999,2283.9832353896195,9.244816991341795
1042.4629667594422,1,4,15,45,2700,225.0000000000001,44.99999999999999,2231.9811398133215,10.400419115259519
1128.180927925918,1,4,15,45,2700,150.00000000000023,49.999999999999986,2179.979044237024,11.556021239177241
212.13203435596427,2,4,15,45,2700,150.0,50.0,2450.0,5.555555555555555
526.3231928783161,1,3,15,60,3600,299.9999999999999,40.00000000000001,3300.0,5.000000000000003
569.317049078681,1,3,15,60,3600,225.0,45.0,3262.5,5.625000000000002
610.7439637338542,1,3,15,60,3600,150.0,50.0,3225.0,6.250000000000002
863.3805954910914,1,4,15,60,3600,375.0000000000001,34.99999999999999,3269.270724402596,5.512154593290069
954.3248745204609,1,4,15,60,3600,300.0000000000001,39.99999999999999,3222.0236850315378,6.299605249474365
1042.4629667594422,1,4,15,60,3600,225.0000000000001,44.99999999999999,3174.7766456604804,7.087055905658661
1128.180927925918,1,4,15,60,3600,150.00000000000023,49.999999999999986,3127.5296062894226,7.8745065618429555
126.49110640673517,1,2,20,15,1200,1000.0,10.0,633.3333333333334,17.77777777777778
154.91933384829665,1,2,20,15,1200,900.0,14.999999999999996,500.0000000000001,26.666666666666657
178.88543819998318,1,2,20,15,1200,800.0,20.0,366.66666666666663,35.55555555555556
200.0,1,2,20,15,1200,700.0,24.999999999999996,233.33333333333326,44.44444444444445
219.08902300206645,1,2,20,15,1200,599.9999999999999,30.000000000000004,99.99999999999986,53.33333333333334
278.49533001676684,1,3,20,15,1200,1000.0,10.000000000000004,669.0598923241497,15.396007178390022
364.9321197344041,1,3,20,15,1200,900.0,15.000000000000004,553.5898384862245,23.09401076758503
442.0837798368466,1,3,20,15,1200,799.9999999999999,20.000000000000007,438.1197846482993,30.792014356780047
512.9927840030092,1,3,20,15,1200,700.0000000000001,24.999999999999993,322.6497308103745,38.49001794597503
579.2936307633781,1,3,20,15,1200,599.9999999999999,30.000000000000004,207.17967697244902,46.188021535170066
641.9924883390479,1,3,20,15,1200,500.0000000000001,34.99999999999999,91.70962313452418,53.886025124365055
64.63304070095651,2,3,20,15,1200,1000.0000000000001,9.999999999999995,544.4444444444446,23.70370370370369
73.98636222991412,2,3,20,15,1200,900.0,15.000000000000002,366.66666666666686,35.55555555555554
81.43252849784722,2,3,20,15,1200,800.0,20.0,188.88888888888903,47.4074074074074
609.7592977855377,1,4,20,15,1200,900.0,14.999999999999998,569.8072751105374,22.012848325964175
756.5932872025406,1,4,20,15,1200,800.0,19.999999999999996,459.7430334807165,29.3504644346189
894.4271909999159,1,4,20,15,1200,700.0,24.999999999999996,349.67879185089566,36.68808054327362
1025.4888153509619,1,4,20,15,1200,600.0000000000001,29.999999999999996,239.61455022107464,44.02569665192836
1151.1741273214552,1,4,20,15,1200,500.0000000000001,34.99999999999999,129.55030859125395,51.36331276058307
126.49110640673517,2,4,20,15,1200,1000.0,10.0,633.3333333333334,17.77777777777778
154.91933384829665,2,4,20,15,1200,900.0,14.999999999999996,500.0000000000001,26.666666666666657
178.88543819998318,2,4,20,15,1200,800.0,20.0,366.66666666666663,35.55555555555556
200.0,2,4,20,15,1200,700.0,24.999999999999996,233.33333333333326,44.44444444444445
219.08902300206645,2,4,20,15,1200,599.9999999999999,30.000000000000004,99.99999999999986,53.33333333333334
47.42078426770461,3,4,20,15,1200,1000.0,10.0,425.9259259259259,31.60493827160494
52.479724567078144,3,4,20,15,1200,900.0,15.0,188.88888888888883,47.40740740740741
154.91933384829665,1,2,20,30,1800,900.0,14.999999999999996,1600.0,6.666666666666664
178.88543819998318,1,2,20,30,1800,800.0,20.0,1533.3333333333335,8.88888888888889
200.0,1,2,20,30,1800,700.0,24.999999999999996,1466.6666666666665,11.111111111111112
219.08902300206645,1,2,20,30,1800,599.9999999999999,30.000000000000004,1400.0,13.333333333333336
236.64319132398467,1,2,20,30,1800,499.9999999999999,35.00000000000001,1333.3333333333333,15.55555555555556
252.98221281347034,1,2,20,30,1800,400.0,40.0,1266.6666666666667,17.77777777777778
268.32815729997475,1,2,20,30,1800,300.0,45.0,1200.0,19.999999999999996
282.842712474619,1,2,20,30,1800,200.0,50.0,1133.3333333333333,22.22222222222222
364.9321197344041,1,3,20,30,1800,900.0,15.000000000000004,1555.0510257216822,8.16496580927726
442.0837798368466,1,3,20,30,1800,799.9999999999999,20.000000000000007,1473.4013676289094,10.88662107903635
512.9927840030092,1,3,20,30,1800,700.0000000000001,24.999999999999993,1391.7517095361372,13.60827634879543
579.2936307633781,1,3,20,30,1800,599.9999999999999,30.000000000000004,1310.1020514433642,16.329931618554525
641.9924883390479,1,3,20,30,1800,500.0000000000001,34.99999999999999,1228.4523933505918,19.051586888313604
701.7642571710882,1,3,20,30,1800,400.0,40.0,1146.8027352578192,21.773242158072694
759.0893987715746,1,3,20,30,1800,300.0,45.0,1065.1530771650466,24.49489742783178
814.3252849784723,1,3,20,30,1800,200.0,50.0,983.5034190722739,27.216552697590867
81.43252849784722,2,3,20,30,1800,800.0,20.0,1622.2222222222222,5.9259259259259265
87.72053214638599,2,3,20,30,1800,700.0,25.0,1577.7777777777778,7.4074074074074066
93.21697517861577,2,3,20,30,1800,600.0000000000002,29.99999999999999,1533.3333333333335,8.888888888888888
98.13198930565771,2,3,20,30,1800,500.00000000000045,34.99999999999998,1488.888888888889,10.37037037037037
102.59855680060184,2,3,20,30,1800,400.0000000000001,39.99999999999999,1444.4444444444443,11.851851851851855
106.70679913470188,2,3,20,30,1800,300.000000000001,44.99999999999995,1400.0000000000002,13.333333333333325
110.5209449592116,2,3,20,30,1800,200.00000000000028,49.999999999999986,1355.5555555555557,14.814814814814813
609.7592977855377,1,4,20,30,1800,900.0,14.999999999999998,1537.9258605791103,8.735804647362988
756.5932872025406,1,4,20,30,1800,800.0,19.999999999999996,1450.5678141054805,11.647739529817317
894.4271909999159,1,4,20,30,1800,700.0,24.999999999999996,1363.2097676318506,14.559674412271644
1025.4888153509619,1,4,20,30,1800,600.0000000000001,29.999999999999996,1275.8517211582207,17.47160929472598
1151.1741273214552,1,4,20,30,1800,500.0000000000001,34.99999999999999,1188.493674684591,20.3835441771803
1272.433166027281,1,4,20,30,1800,400.0000000000001,39.99999999999999,1101.1356282109612,23.29547905963463
1389.950622345923,1,4,20,30,1800,300.0000000000001,44.99999999999999,1013.7775817373312,26.207413942088962
1504.2412372345575,1,4,20,30,1800,200.00000000000014,49.99999999999999,926.4195352637013,29.11934882454329
154.91933384829665,2,4,20,30,1800,900.0,14.999999999999996,1600.0,6.666666666666664
178.88543819998318,2,4,20,30,1800,800.0,20.0,1533.3333333333335,8.88888888888889
200.0,2,4,20,30,1800,700.0,24.999999999999996,1466.6666666666665,11.111111111111112
219.08902300206645,2,4,20,30,1800,599.9999999999999,30.000000000000004,1400.0,13.333333333333336
236.64319132398467,2,4,20,30,1800,499.9999999999999,35.00000000000001,1333.3333333333333,15.55555555555556
252.98221281347034,2,4,20,30,1800,400.0,40.0,1266.6666666666667,17.77777777777778
268.32815729997475,2,4,20,30,1800,300.0,45.0,1200.0,19.999999999999996
282.842712474619,2,4,20,30,1800,200.0,50.0,1133.3333333333333,22.22222222222222
62.40926184855242,3,4,20,30,1800,600.0000000000003,29.999999999999982,1622.2222222222222,5.925925925925924
64.86131410927433,3,4,20,30,1800,499.9999999999999,35.00000000000001,1592.5925925925926,6.913580246913583
67.06311624975656,3,4,20,30,1800,399.99999999999943,40.00000000000003,1562.9629629629628,7.901234567901242
69.06720170963604,3,4,20,30,1800,300.0000000000001,44.99999999999999,1533.3333333333335,8.88888888888889
70.91061195926652,3,4,20,30,1800,200.00000000000014,49.99999999999999,1503.7037037037037,9.876543209876543
200.0,1,2,20,40,2400,700.0,24.999999999999996,2150.0,6.249999999999999
219.08902300206645,1,2,20,40,2400,599.9999999999999,30.000000000000004,2100.0,7.500000000000001
236.64319132398467,1,2,20,40,2400,499.9999999999999,35.00000000000001,2050.0,8.750000000000002
252.98221281347034,1,2,20,40,2400,400.0,40.0,2000.0,10.0
268.32815729997475,1,2,20,40,2400,300.0,45.0,1950.0,11.25
282.842712474619,1,2,20,40,2400,200.0,50.0,1900.0,12.5
364.9321197344041,1,3,20,40,2400,900.0,15.000000000000004,2187.867965644036,5.303300858899108
442.0837798368466,1,3,20,40,2400,799.9999999999999,20.000000000000007,2117.157287525381,7.071067811865478
512.9927840030092,1,3,20,40,2400,700.0000000000001,24.999999999999993,2046.446609406726,8.838834764831843
579.2936307633781,1,3,20,40,2400,599.9999999999999,30.000000000000004,1975.7359312880715,10.606601717798217
641.9924883390479,1,3,20,40,2400,500.0000000000001,34.99999999999999,1905.0252531694168,12.374368670764582
701.7642571710882,1,3,20,40,2400,400.0,40.0,1834.314575050762,14.142135623730951
759.0893987715746,1,3,20,40,2400,300.0,45.0,1763.603896932107,15.90990257669732
814.3252849784723,1,3,20,40,2400,200.0,50.0,1692.8932188134524,17.67766952966369
102.59855680060184,2,3,20,40,2400,400.0000000000001,39.99999999999999,2200.0,5.000000000000001
106.70679913470188,2,3,20,40,2400,300.000000000001,44.99999999999995,2175.0000000000005,5.624999999999996
110.5209449592116,2,3,20,40,2400,200.00000000000028,49.999999999999986,2150.0,6.25
609.7592977855377,1,4,20,40,2400,900.0,14.999999999999998,2161.88984220477,5.952753944880747
756.5932872025406,1,4,20,40,2400,800.0,19.999999999999996,2082.51978960636,7.937005259840997
894.4271909999159,1,4,20,40,2400,700.0,24.999999999999996,2003.14973700795,9.921256574801246
1025.4888153509619,1,4,20,40,2400,600.0000000000001,29.999999999999996,1923.77968440954,11.905507889761495
1151.1741273214552,1,4,20,40,2400,500.0000000000001,34.99999999999999,1844.4096318111303,13.889759204721743
1272.433166027281,1,4,20,40,2400,400.0000000000001,39.99999999999999,1765.0395792127201,15.874010519681994
1389.950622345923,1,4,20,40,2400,300.0000000000001,44.99999999999999,1685.6695266143104,17.858261834642242
1504.2412372345575,1,4,20,40,2400,200.00000000000014,49.99999999999999,1606.2994740159002,19.842513149602492
200.0,2,4,20,40,2400,700.0,24.999999999999996,2150.0,6.249999999999999
219.08902300206645,2,4,20,40,2400,599.9999999999999,30.000000000000004,2100.0,7.500000000000001
236.64319132398467,2,4,20,40,2400,499.9999999999999,35.00000000000001,2050.0,8.750000000000002
252.98221281347034,2,4,20,40,2400,400.0,40.0,2000.0,10.0
268.32815729997475,2,4,20,40,2400,300.0,45.0,1950.0,11.25
282.842712474619,2,4,20,40,2400,200.0,50.0,1900.0,12.5
282.842712474619,1,2,20,60,3600,200.0,50.0,3266.6666666666665,5.555555555555555
579.2936307633781,1,3,20,60,3600,599.9999999999999,30.000000000000004,3253.5898384862244,5.77350269189626
641.9924883390479,1,3,20,60,3600,500.0000000000001,34.99999999999999,3195.854811567262,6.735753140545635
701.7642571710882,1,3,20,60,3600,400.0,40.0,3138.119784648299,7.698003589195011
759.0893987715746,1,3,20,60,3600,300.0,45.0,3080.384757729337,8.660254037844387
814.3252849784723,1,3,20,60,3600,200.0,50.0,3022.649730810374,9.622504486493764
894.4271909999159,1,4,20,60,3600,700.0,24.999999999999996,3253.3193628246827,5.778010619588621
1025.4888153509619,1,4,20,60,3600,600.0000000000001,29.999999999999996,3183.9832353896195,6.933612743506348
1151.1741273214552,1,4,20,60,3600,500.0000000000001,34.99999999999999,3114.647107954556,8.08921486742407
1272.433166027281,1,4,20,60,3600,400.0000000000001,39.99999999999999,3045.3109805194927,9.244816991341793
1389.950622345923,1,4,20,60,3600,300.0000000000001,44.99999999999999,2975.974853084429,10.400419115259519
1504.2412372345575,1,4,20,60,3600,200.00000000000014,49.99999999999999,2906.6387256493654,11.556021239177245
282.842712474619,2,4,20,60,3600,200.0,50.0,3266.6666666666665,5.555555555555555
223.60679774997897,1,2,25,30,1800,1000.0,20.0,1383.3333333333335,13.888888888888888
250.0,1,2,25,30,1800,875.0,24.999999999999996,1279.1666666666665,17.36111111111111
273.8612787525831,1,2,25,30,1800,749.9999999999999,30.000000000000004,1175.0,20.833333333333336
295.8039891549808,1,2,25,30,1800,625.0000000000002,34.99999999999999,1070.8333333333333,24.305555555555557
316.2277660168379,1,2,25,30,1800,500.0,40.0,966.6666666666669,27.77777777777777
335.4101966249684,1,2,25,30,1800,375.0,45.0,862.5000000000003,31.24999999999999
353.5533905932738,1,2,25,30,1800,250.0,50.0,758.3333333333331,34.72222222222223
641.2409800037615,1,3,25,30,1800,875.0,24.999999999999996,1229.4556692654521,19.018144357818265
724.1170384542226,1,3,25,30,1800,750.0000000000002,29.999999999999993,1115.3468031185425,22.82177322938192
802.4906104238098,1,3,25,30,1800,625.0000000000002,34.99999999999999,1001.2379369716331,26.625402100945568
877.2053214638602,1,3,25,30,1800,499.99999999999983,40.00000000000001,887.1290708247229,30.429030972509235
948.8617484644683,1,3,25,30,1800,375.0,45.0,773.0202046778135,34.232659844072884
1017.9066062230903,1,3,25,30,1800,250.0,50.0,658.9113385309041,38.03628871563653
92.48295278739265,2,3,25,30,1800,1125.0,15.000000000000002,1539.5833333333333,8.680555555555557
101.79066062230902,2,3,25,30,1800,1000.0,20.0,1452.7777777777778,11.57407407407407
109.6506651829825,2,3,25,30,1800,875.0000000000003,24.99999999999999,1365.9722222222224,14.467592592592588
116.52121897326971,2,3,25,30,1800,750.0000000000002,29.99999999999999,1279.166666666667,17.361111111111104
122.66498663207214,2,3,25,30,1800,625.0,35.0,1192.361111111111,20.254629629629633
128.2481960007523,2,3,25,30,1800,500.00000000000017,39.99999999999999,1105.5555555555559,23.14814814814814
133.38349891837737,2,3,25,30,1800,375.0000000000005,44.99999999999998,1018.7500000000002,26.04166666666666
138.1511811990145,2,3,25,30,1800,250.00000000000108,49.99999999999996,931.9444444444449,28.93518518518517
1118.033988749895,1,4,25,30,1800,875.0,24.999999999999996,1211.8524819493573,19.604917268354757
1281.8610191887024,1,4,25,30,1800,750.0000000000001,29.999999999999996,1094.2229783392286,23.525900722025714
1438.9676591518191,1,4,25,30,1800,625.0000000000002,34.99999999999999,976.5934747291002,27.44688417569666
1590.5414575341015,1,4,25,30,1800,500.00000000000017,39.99999999999999,858.9639711189715,31.367867629367616
1737.4382779324037,1,4,25,30,1800,375.00000000000017,44.99999999999999,741.3344675088432,35.28885108303856
1880.3015465431968,1,4,25,30,1800,250.00000000000017,49.99999999999999,623.7049638987148,39.20983453670951
223.60679774997897,2,4,25,30,1800,1000.0,20.0,1383.3333333333335,13.888888888888888
250.0,2,4,25,30,1800,875.0,24.999999999999996,1279.1666666666665,17.36111111111111
273.8612787525831,2,4,25,30,1800,749.9999999999999,30.000000000000004,1175.0,20.833333333333336
295.8039891549808,2,4,25,30,1800,625.0000000000002,34.99999999999999,1070.8333333333333,24.305555555555557
316.2277660168379,2,4,25,30,1800,500.0,40.0,966.6666666666669,27.77777777777777
335.4101966249684,2,4,25,30,1800,375.0,45.0,862.5000000000003,31.24999999999999
353.5533905932738,2,4,25,30,1800,250.0,50.0,758.3333333333331,34.72222222222223
65.59965570884768,3,4,25,30,1800,1125.0,15.0,1582.9861111111113,7.233796296296294
70.49141756270427,3,4,25,30,1800,1000.0,20.0,1510.648148148148,9.645061728395062
74.53559924999298,3,4,25,30,1800,875.0,25.000000000000004,1438.3101851851852,12.056327160493824
78.01157731069053,3,4,25,30,1800,750.0000000000005,29.999999999999982,1365.9722222222224,14.46759259259259
81.07664263659292,3,4,25,30,1800,624.9999999999993,35.00000000000003,1293.634259259259,16.878858024691368
83.8288953121957,3,4,25,30,1800,499.99999999999983,40.00000000000001,1221.296296296296,19.290123456790127
86.33400213704505,3,4,25,30,1800,375.00000000000017,44.99999999999999,1148.9583333333335,21.701388888888886
88.63826494908315,3,4,25,30,1800,249.99999999999875,50.00000000000005,1076.6203703703695,24.11265432098768
250.0,1,2,25,50,3000,875.0,24.999999999999996,2687.5,6.249999999999999
273.8612787525831,1,2,25,50,3000,749.9999999999999,30.000000000000004,2625.0,7.500000000000001
295.8039891549808,1,2,25,50,3000,625.0000000000002,34.99999999999999,2562.5,8.749999999999998
316.2277660168379,1,2,25,50,3000,500.0,40.0,2500.0,10.0
335.4101966249684,1,2,25,50,3000,375.0,45.0,2437.5,11.25
353.5533905932738,1,2,25,50,3000,250.0,50.0,2375.0,12.5
456.16514966800514,1,3,25,50,3000,1125.0,14.999999999999998,2734.8349570550445,5.303300858899107
552.6047247960582,1,3,25,50,3000,999.9999999999998,20.000000000000007,2646.446609406726,7.071067811865478
641.2409800037615,1,3,25,50,3000,875.0,24.999999999999996,2558.0582617584078,8.838834764831844
724.1170384542226,1,3,25,50,3000,750.0000000000002,29.999999999999993,2469.6699141100894,10.606601717798211
802.4906104238098,1,3,25,50,3000,625.0000000000002,34.99999999999999,2381.281566461771,12.374368670764582
877.2053214638602,1,3,25,50,3000,499.99999999999983,40.00000000000001,2292.893218813452,14.142135623730955
948.8617484644683,1,3,25,50,3000,375.0,45.0,2204.504871165134,15.90990257669732
1017.9066062230903,1,3,25,50,3000,250.0,50.0,2116.1165235168155,17.67766952966369
128.2481960007523,2,3,25,50,3000,500.00000000000017,39.99999999999999,2750.0,5.000000000000001
133.38349891837737,2,3,25,50,3000,375.0000000000005,44.99999999999998,2718.75,5.624999999999999
138.1511811990145,2,3,25,50,3000,250.00000000000108,49.99999999999996,2687.5,6.2499999999999964
762.199122231922,1,4,25,50,3000,1125.0,14.999999999999998,2702.3623027559624,5.952753944880747
945.7416090031759,1,4,25,50,3000,1000.0,19.999999999999996,2603.14973700795,7.937005259840997
1118.033988749895,1,4,25,50,3000,875.0,24.999999999999996,2503.9371712599377,9.921256574801246
1281.8610191887024,1,4,25,50,3000,750.0000000000001,29.999999999999996,2404.7246055119253,11.905507889761495
1438.9676591518191,1,4,25,50,3000,625.0000000000002,34.99999999999999,2305.512039763913,13.889759204721743
1590.5414575341015,1,4,25,50,3000,500.00000000000017,39.99999999999999,2206.2994740159,15.874010519681994
1737.4382779324037,1,4,25,50,3000,375.00000000000017,44.99999999999999,2107.086908267888,17.858261834642242
1880.3015465431968,1,4,25,50,3000,250.00000000000017,49.99999999999999,2007.8743425198752,19.842513149602492
250.0,2,4,25,50,3000,875.0,24.999999999999996,2687.5,6.249999999999999
273.8612787525831,2,4,25,50,3000,749.9999999999999,30.000000000000004,2625.0,7.500000000000001
295.8039891549808,2,4,25,50,3000,625.0000000000002,34.99999999999999,2562.5,8.749999999999998
316.2277660168379,2,4,25,50,3000,500.0,40.0,2500.0,10.0
335.4101966249684,2,4,25,50,3000,375.0,45.0,2437.5,11.25
353.5533905932738,2,4,25,50,3000,250.0,50.0,2375.0,12.5
273.8612787525831,1,2,25,60,3600,749.9999999999999,30.000000000000004,3287.5,5.208333333333334
295.8039891549808,1,2,25,60,3600,625.0000000000002,34.99999999999999,3235.416666666667,6.076388888888889
316.2277660168379,1,2,25,60,3600,500.0,40.0,3183.3333333333335,6.944444444444443
335.4101966249684,1,2,25,60,3600,375.0,45.0,3131.25,7.812499999999997
353.5533905932738,1,2,25,60,3600,250.0,50.0,3079.1666666666665,8.680555555555557
552.6047247960582,1,3,25,60,3600,999.9999999999998,20.000000000000007,3277.2513878160485,5.379143536399193
641.2409800037615,1,3,25,60,3600,875.0,24.999999999999996,3196.5642347700605,6.723929420498987
724.1170384542226,1,3,25,60,3600,750.0000000000002,29.999999999999993,3115.877081724073,8.068715304598786
802.4906104238098,1,3,25,60,3600,625.0000000000002,34.99999999999999,3035.189928678085,9.413501188698582
877.2053214638602,1,3,25,60,3600,499.99999999999983,40.00000000000001,2954.502775632097,10.758287072798383
948.8617484644683,1,3,25,60,3600,375.0,45.0,2873.815622586109,12.103072956898181
1017.9066062230903,1,3,25,60,3600,250.0,50.0,2793.1284695401214,13.447858840997975
945.7416090031759,1,4,25,60,3600,1000.0,19.999999999999996,3226.5496044535694,6.2241732591071735
1118.033988749895,1,4,25,60,3600,875.0,24.999999999999996,3133.187005566962,7.780216573883966
1281.8610191887024,1,4,25,60,3600,750.0000000000001,29.999999999999996,3039.824406680354,9.336259888660761
1438.9676591518191,1,4,25,60,3600,625.0000000000002,34.99999999999999,2946.461807793747,10.892303203437553
1590.5414575341015,1,4,25,60,3600,500.00000000000017,39.99999999999999,2853.0992089071387,12.448346518214347
1737.4382779324037,1,4,25,60,3600,375.00000000000017,44.99999999999999,2759.7366100205318,14.004389832991137
1880.3015465431968,1,4,25,60,3600,250.00000000000017,49.99999999999999,2666.3740111339243,15.56043314776793
273.8612787525831,2,4,25,60,3600,749.9999999999999,30.000000000000004,3287.5,5.208333333333334
295.8039891549808,2,4,25,60,3600,625.0000000000002,34.99999999999999,3235.416666666667,6.076388888888889
316.2277660168379,2,4,25,60,3600,500.0,40.0,3183.3333333333335,6.944444444444443
335.4101966249684,2,4,25,60,3600,375.0,45.0,3131.25,7.812499999999997
353.5533905932738,2,4,25,60,3600,250.0,50.0,3079.1666666666665,8.680555555555557
353.5533905932738,1,2,25,75,4500,250.0,50.0,4083.333333333333,5.555555555555555
724.1170384542226,1,3,25,75,4500,750.0000000000002,29.999999999999993,4066.987298107781,5.773502691896258
802.4906104238098,1,3,25,75,4500,625.0000000000002,34.99999999999999,3994.8185144590775,6.735753140545635
877.2053214638602,1,3,25,75,4500,499.99999999999983,40.00000000000001,3922.649730810374,7.698003589195014
948.8617484644683,1,3,25,75,4500,375.0,45.0,3850.480947161671,8.660254037844387
1017.9066062230903,1,3,25,75,4500,250.0,50.0,3778.3121635129673,9.622504486493764
1118.033988749895,1,4,25,75,4500,875.0,24.999999999999996,4066.6492035308534,5.778010619588621
1281.8610191887024,1,4,25,75,4500,750.0000000000001,29.999999999999996,3979.979044237024,6.933612743506348
1438.9676591518191,1,4,25,75,4500,625.0000000000002,34.99999999999999,3893.3088849431942,8.089214867424072
1590.5414575341015,1,4,25,75,4500,500.00000000000017,39.99999999999999,3806.6387256493654,9.244816991341795
1737.4382779324037,1,4,25,75,4500,375.00000000000017,44.99999999999999,3719.968566355536,10.400419115259519
1880.3015465431968,1,4,25,75,4500,250.00000000000017,49.99999999999999,3633.2984070617067,11.556021239177245
353.5533905932738,2,4,25,75,4500,250.0,50.0,4083.333333333333,5.555555555555555
189.73665961010275,1,2,30,15,1800,1500.0,10.0,300.0,40.0
417.7429950251502,1,3,30,15,1800,1500.0,9.999999999999998,475.7359312880716,28.284271247461895
547.3981796016062,1,3,30,15,1800,1350.0,15.000000000000004,263.6038969321072,42.42640687119285
674.8095902284189,1,4,30,15,1800,1500.0,9.999999999999998,522.0236850315381,25.198420997897458
914.6389466783065,1,4,30,15,1800,1350.0,14.999999999999998,333.0355275473072,37.797631496846186
1134.889930803811,1,4,30,15,1800,1200.0,19.999999999999996,144.04737006307627,50.396841995794915
189.73665961010275,2,4,30,15,1800,1500.0,10.0,300.0,40.0
189.73665961010275,1,2,30,20,1800,1500.0,10.0,750.0,22.499999999999996
232.37900077244498,1,2,30,20,1800,1350.0,14.999999999999996,525.0000000000002,33.749999999999986
268.32815729997475,1,2,30,20,1800,1200.0,19.999999999999996,300.0,45.0
417.7429950251502,1,3,30,20,1800,1500.0,9.999999999999998,832.5765385825234,18.37117307087383
547.3981796016062,1,3,30,20,1800,1350.0,15.000000000000004,648.864807873785,27.556759606310752
663.1256697552699,1,3,30,20,1800,1199.9999999999998,20.000000000000007,465.1530771650465,36.742346141747674
769.4891760045139,1,3,30,20,1800,1050.0,24.999999999999996,281.44134645630845,45.92793267718458
96.94956105143478,2,3,30,20,1800,1500.0,9.999999999999998,525.0000000000001,33.74999999999999
110.97954334487117,2,3,30,20,1800,1350.0,14.999999999999996,187.5000000000007,50.624999999999964
674.8095902284189,1,4,30,20,1800,1500.0,9.999999999999998,856.5857272340006,17.170713638299976
914.6389466783065,1,4,30,20,1800,1350.0,14.999999999999998,684.8785908510007,25.75607045744996
1134.889930803811,1,4,30,20,1800,1200.0,19.999999999999996,513.171454468001,34.34142727659995
1341.640786499874,1,4,30,20,1800,1050.0,24.999999999999996,341.46431808500125,42.92678409574994
1538.2332230264426,1,4,30,20,1800,900.0000000000001,29.999999999999996,169.75718170200167,51.512140914899916
189.73665961010275,2,4,30,20,1800,1500.0,10.0,750.0,22.499999999999996
232.37900077244498,2,4,30,20,1800,1350.0,14.999999999999996,525.0000000000002,33.749999999999986
268.32815729997475,2,4,30,20,1800,1200.0,19.999999999999996,300.0,45.0
71.13117640155691,3,4,30,20,1800,1500.0,10.0,187.4999999999993,50.625000000000036
232.37900077244498,1,2,30,25,1800,1350.0,14.999999999999996,960.0000000000001,21.59999999999999
268.32815729997475,1,2,30,25,1800,1200.0,19.999999999999996,780.0,28.8
300.0,1,2,30,25,1800,1050.0,24.999999999999996,599.9999999999998,36.00000000000001
328.63353450309967,1,2,30,25,1800,899.9999999999999,30.000000000000004,420.0000000000001,43.199999999999996
354.964786985977,1,2,30,25,1800,749.9999999999998,35.00000000000001,239.99999999999986,50.400000000000006
663.1256697552699,1,3,30,25,1800,1199.9999999999998,20.000000000000007,842.7329309938007,26.29068276024798
769.4891760045139,1,3,30,25,1800,1050.0,24.999999999999996,678.416163742251,32.86335345030996
868.9404461450671,1,3,30,25,1800,900.0,30.0,514.0993964907011,39.436024140371956
962.9887325085718,1,3,30,25,1800,750.0000000000002,34.99999999999999,349.78262923915116,46.00869483043395
1052.6463857566323,1,3,30,25,1800,599.9999999999998,40.00000000000001,185.46586198760141,52.58136552049594
96.94956105143478,2,3,30,25,1800,1500.0,9.999999999999998,1068.0000000000002,17.279999999999994
110.97954334487117,2,3,30,25,1800,1350.0,14.999999999999996,852.0000000000003,25.919999999999987
122.14879274677082,2,3,30,25,1800,1200.0,20.0,636.0,34.56
131.58079821957898,2,3,30,25,1800,1050.0000000000005,24.99999999999999,420.0000000000006,43.199999999999974
139.82546276792365,2,3,30,25,1800,900.0000000000003,29.99999999999999,204.00000000000063,51.839999999999975
1134.889930803811,1,4,30,25,1800,1200.0,19.999999999999996,862.4048584904335,25.50380566038266
1341.640786499874,1,4,30,25,1800,1050.0,24.999999999999996,703.0060731130417,31.87975707547833
1538.2332230264426,1,4,30,25,1800,900.0000000000001,29.999999999999996,543.6072877356502,38.255708490573994
1726.7611909821828,1,4,30,25,1800,750.0000000000002,34.99999999999999,384.20850235825856,44.63165990566966
1908.6497490409217,1,4,30,25,1800,600.0000000000002,39.99999999999999,224.8097169808668,51.00761132076533
232.37900077244498,2,4,30,25,1800,1350.0,14.999999999999996,960.0000000000001,21.59999999999999
268.32815729997475,2,4,30,25,1800,1200.0,19.999999999999996,780.0,28.8
300.0,2,4,30,25,1800,1050.0,24.999999999999996,599.9999999999998,36.00000000000001
328.63353450309967,2,4,30,25,1800,899.9999999999999,30.000000000000004,420.0000000000001,43.199999999999996
354.964786985977,2,4,30,25,1800,749.9999999999998,35.00000000000001,239.99999999999986,50.400000000000006
71.13117640155691,3,4,30,25,1800,1500.0,10.0,981.5999999999997,20.73600000000001
78.71958685061722,3,4,30,25,1800,1350.0,15.0,722.4,31.104
84.58970107524513,3,4,30,25,1800,1200.0,20.0,463.2,41.472
89.44271909999159,3,4,30,25,1800,1049.9999999999995,25.000000000000014,203.9999999999992,51.84000000000003
232.37900077244498,1,2,30,40,2400,1350.0,14.999999999999996,2062.5,8.437499999999996
268.32815729997475,1,2,30,40,2400,1200.0,19.999999999999996,1950.0,11.25
300.0,1,2,30,40,2400,1050.0,24.999999999999996,1837.5,14.0625
328.63353450309967,1,2,30,40,2400,899.9999999999999,30.000000000000004,1725.0,16.875
354.964786985977,1,2,30,40,2400,749.9999999999998,35.00000000000001,1612.4999999999998,19.687500000000007
379.4733192202055,1,2,30,40,2400,600.0,40.0,1500.0,22.499999999999996
402.49223594996215,1,2,30,40,2400,450.0,45.0,1387.5,25.3125
424.26406871192853,1,2,30,40,2400,300.0,50.0,1275.0,28.125
547.3981796016062,1,3,30,40,2400,1350.0,15.000000000000004,2010.2885682970027,9.742785792574937
663.1256697552699,1,3,30,40,2400,1199.9999999999998,20.000000000000007,1880.3847577293368,12.990381056766582
769.4891760045139,1,3,30,40,2400,1050.0,24.999999999999996,1750.4809471616709,16.23797632095822
868.9404461450671,1,3,30,40,2400,900.0,30.0,1620.5771365940052,19.485571585149874
962.9887325085718,1,3,30,40,2400,750.0000000000002,34.99999999999999,1490.6733260263395,22.73316684934151
1052.6463857566323,1,3,30,40,2400,599.9999999999998,40.00000000000001,1360.7695154586736,25.980762113533164
1138.634098157362,1,3,30,40,2400,450.0,45.0,1230.8657048910077,29.228357377724805
1221.4879274677085,1,3,30,40,2400,300.0,50.0,1100.961894323342,32.47595264191645
110.97954334487117,2,3,30,40,2400,1350.0,14.999999999999996,2146.875,6.328124999999997
122.14879274677082,2,3,30,40,2400,1200.0,20.0,2062.5,8.437500000000004
131.58079821957898,2,3,30,40,2400,1050.0000000000005,24.99999999999999,1978.1250000000002,10.546874999999993
139.82546276792365,2,3,30,40,2400,900.0000000000003,29.99999999999999,1893.75,12.656249999999996
147.19798395848656,2,3,30,40,2400,750.0000000000007,34.99999999999998,1809.375,14.765624999999998
153.89783520090276,2,3,30,40,2400,600.0000000000002,39.99999999999999,1725.0,16.875000000000004
160.06019870205284,2,3,30,40,2400,450.0000000000006,44.99999999999998,1640.6250000000002,18.984374999999993
165.7814174388174,2,3,30,40,2400,300.00000000000045,49.999999999999986,1556.25,21.093749999999996
1134.889930803811,1,4,30,40,2400,1200.0,19.999999999999996,1854.863822150358,13.628404446241046
1341.640786499874,1,4,30,40,2400,1050.0,24.999999999999996,1718.5797776879476,17.035505557801308
1538.2332230264426,1,4,30,40,2400,900.0000000000001,29.999999999999996,1582.2957332255373,20.442606669361567
1726.7611909821828,1,4,30,40,2400,750.0000000000002,34.99999999999999,1446.0116887631266,23.849707780921833
1908.6497490409217,1,4,30,40,2400,600.0000000000002,39.99999999999999,1309.727644300716,27.256808892482095
2084.9259335188844,1,4,30,40,2400,450.0000000000002,44.99999999999999,1173.4435998383058,30.663910004042357
2256.361855851836,1,4,30,40,2400,300.00000000000045,49.999999999999986,1037.1595553758953,34.071011115602616
232.37900077244498,2,4,30,40,2400,1350.0,14.999999999999996,2062.5,8.437499999999996
268.32815729997475,2,4,30,40,2400,1200.0,19.999999999999996,1950.0,11.25
300.0,2,4,30,40,2400,1050.0,24.999999999999996,1837.5,14.0625
328.63353450309967,2,4,30,40,2400,899.9999999999999,30.000000000000004,1725.0,16.875
354.964786985977,2,4,30,40,2400,749.9999999999998,35.00000000000001,1612.4999999999998,19.687500000000007
379.4733192202055,2,4,30,40,2400,600.0,40.0,1500.0,22.499999999999996
402.49223594996215,2,4,30,40,2400,450.0,45.0,1387.5,25.3125
424.26406871192853,2,4,30,40,2400,300.0,50.0,1275.0,28.125
84.58970107524513,3,4,30,40,2400,1200.0,20.0,2146.875,6.328125000000003
89.44271909999159,3,4,30,40,2400,1049.9999999999995,25.000000000000014,2083.5937499999995,7.910156250000004
93.61389277282863,3,4,30,40,2400,900.0000000000006,29.999999999999982,2020.3125000000002,9.492187499999995
97.2919711639115,3,4,30,40,2400,750.0000000000002,34.99999999999999,1957.03125,11.07421875
100.59467437463483,3,4,30,40,2400,600.0000000000005,39.999999999999986,1893.75,12.656249999999998
103.60080256445406,3,4,30,40,2400,450.0000000000002,44.99999999999999,1830.46875,14.238281249999998
106.36591793889977,3,4,30,40,2400,300.0000000000002,49.99999999999999,1767.1875000000002,15.820312499999993
232.37900077244498,1,2,30,45,2700,1350.0,14.999999999999996,2400.0,6.666666666666664
268.32815729997475,1,2,30,45,2700,1200.0,19.999999999999996,2300.0,8.88888888888889
300.0,1,2,30,45,2700,1050.0,24.999999999999996,2200.0,11.111111111111112
328.63353450309967,1,2,30,45,2700,899.9999999999999,30.000000000000004,2100.0,13.333333333333336
354.964786985977,1,2,30,45,2700,749.9999999999998,35.00000000000001,2000.0,15.55555555555556
379.4733192202055,1,2,30,45,2700,600.0,40.0,1900.0000000000002,17.777777777777775
402.49223594996215,1,2,30,45,2700,450.0,45.0,1800.0,20.0
424.26406871192853,1,2,30,45,2700,300.0,50.0,1700.0,22.22222222222222
547.3981796016062,1,3,30,45,2700,1350.0,15.000000000000004,2332.576538582523,8.16496580927726
663.1256697552699,1,3,30,45,2700,1199.9999999999998,20.000000000000007,2210.102051443364,10.88662107903635
769.4891760045139,1,3,30,45,2700,1050.0,24.999999999999996,2087.6275643042054,13.608276348795433
868.9404461450671,1,3,30,45,2700,900.0,30.0,1965.1530771650464,16.32993161855452
962.9887325085718,1,3,30,45,2700,750.0000000000002,34.99999999999999,1842.6785900258876,19.051586888313604
1052.6463857566323,1,3,30,45,2700,599.9999999999998,40.00000000000001,1720.2041028867284,21.7732421580727
1138.634098157362,1,3,30,45,2700,450.0,45.0,1597.7296157475698,24.49489742783178
1221.4879274677085,1,3,30,45,2700,300.0,50.0,1475.2551286084108,27.21655269759087
122.14879274677082,2,3,30,45,2700,1200.0,20.0,2433.333333333333,5.92592592592593
131.58079821957898,2,3,30,45,2700,1050.0000000000005,24.99999999999999,2366.666666666667,7.4074074074074066
139.82546276792365,2,3,30,45,2700,900.0000000000003,29.99999999999999,2300.0,8.888888888888888
147.19798395848656,2,3,30,45,2700,750.0000000000007,34.99999999999998,2233.3333333333335,10.37037037037037
153.89783520090276,2,3,30,45,2700,600.0000000000002,39.99999999999999,2166.6666666666665,11.851851851851855
160.06019870205284,2,3,30,45,2700,450.0000000000006,44.99999999999998,2100.0,13.333333333333336
165.7814174388174,2,3,30,45,2700,300.00000000000045,49.999999999999986,2033.3333333333335,14.814814814814813
914.6389466783065,1,4,30,45,2700,1350.0,14.999999999999998,2306.8887908686656,8.735804647362988
1134.889930803811,1,4,30,45,2700,1200.0,19.999999999999996,2175.8517211582207,11.647739529817317
1341.640786499874,1,4,30,45,2700,1050.0,24.999999999999996,2044.8146514477758,14.559674412271649
1538.2332230264426,1,4,30,45,2700,900.0000000000001,29.999999999999996,1913.7775817373313,17.471609294725972
1726.7611909821828,1,4,30,45,2700,750.0000000000002,34.99999999999999,1782.7405120268866,20.3835441771803
1908.6497490409217,1,4,30,45,2700,600.0000000000002,39.99999999999999,1651.7034423164416,23.295479059634634
2084.9259335188844,1,4,30,45,2700,450.0000000000002,44.99999999999999,1520.6663726059967,26.207413942088962
2256.361855851836,1,4,30,45,2700,300.00000000000045,49.999999999999986,1389.6293028955522,29.119348824543284
232.37900077244498,2,4,30,45,2700,1350.0,14.999999999999996,2400.0,6.666666666666664
268.32815729997475,2,4,30,45,2700,1200.0,19.999999999999996,2300.0,8.88888888888889
300.0,2,4,30,45,2700,1050.0,24.999999999999996,2200.0,11.111111111111112
328.63353450309967,2,4,30,45,2700,899.9999999999999,30.000000000000004,2100.0,13.333333333333336
354.964786985977,2,4,30,45,2700,749.9999999999998,35.00000000000001,2000.0,15.55555555555556
379.4733192202055,2,4,30,45,2700,600.0,40.0,1900.0000000000002,17.777777777777775
402.49223594996215,2,4,30,45,2700,450.0,45.0,1800.0,20.0
424.26406871192853,2,4,30,45,2700,300.0,50.0,1700.0,22.22222222222222
93.61389277282863,3,4,30,45,2700,900.0000000000006,29.999999999999982,2433.3333333333335,5.925925925925924
97.2919711639115,3,4,30,45,2700,750.0000000000002,34.99999999999999,2388.888888888889,6.913580246913578
100.59467437463483,3,4,30,45,2700,600.0000000000005,39.999999999999986,2344.4444444444443,7.901234567901236
103.60080256445406,3,4,30,45,2700,450.0000000000002,44.99999999999999,2300.0,8.88888888888889
106.36591793889977,3,4,30,45,2700,300.0000000000002,49.99999999999999,2255.5555555555557,9.876543209876543
300.0,1,2,30,60,3600,1050.0,24.999999999999996,3225.0,6.249999999999999
328.63353450309967,1,2,30,60,3600,899.9999999999999,30.000000000000004,3150.0,7.500000000000001
354.964786985977,1,2,30,60,3600,749.9999999999998,35.00000000000001,3075.0,8.750000000000002
379.4733192202055,1,2,30,60,3600,600.0,40.0,3000.0,10.0
402.49223594996215,1,2,30,60,3600,450.0,45.0,2925.0,11.25
424.26406871192853,1,2,30,60,3600,300.0,50.0,2850.0,12.5
547.3981796016062,1,3,30,60,3600,1350.0,15.000000000000004,3281.8019484660535,5.303300858899108
663.1256697552699,1,3,30,60,3600,1199.9999999999998,20.000000000000007,3175.7359312880717,7.071067811865478
769.4891760045139,1,3,30,60,3600,1050.0,24.999999999999996,3069.6699141100894,8.838834764831844
868.9404461450671,1,3,30,60,3600,900.0,30.0,2963.603896932107,10.606601717798215
962.9887325085718,1,3,30,60,3600,750.0000000000002,34.99999999999999,2857.5378797541252,12.374368670764582
1052.6463857566323,1,3,30,60,3600,599.9999999999998,40.00000000000001,2751.471862576143,14.142135623730955
1138.634098157362,1,3,30,60,3600,450.0,45.0,2645.4058453981606,15.90990257669732
1221.4879274677085,1,3,30,60,3600,300.0,50.0,2539.339828220179,17.67766952966369
153.89783520090276,2,3,30,60,3600,600.0000000000002,39.99999999999999,3300.0,5.000000000000001
160.06019870205284,2,3,30,60,3600,450.0000000000006,44.99999999999998,3262.5,5.624999999999999
165.7814174388174,2,3,30,60,3600,300.00000000000045,49.999999999999986,3225.0,6.25
914.6389466783065,1,4,30,60,3600,1350.0,14.999999999999998,3242.8347633071553,5.952753944880747
1134.889930803811,1,4,30,60,3600,1200.0,19.999999999999996,3123.7796844095406,7.937005259840997
1341.640786499874,1,4,30,60,3600,1050.0,24.999999999999996,3004.724605511925,9.921256574801246
1538.2332230264426,1,4,30,60,3600,900.0000000000001,29.999999999999996,2885.66952661431,11.905507889761495
1726.7611909821828,1,4,30,60,3600,750.0000000000002,34.99999999999999,2766.6144477166954,13.889759204721743
1908.6497490409217,1,4,30,60,3600,600.0000000000002,39.99999999999999,2647.55936881908,15.874010519681994
2084.9259335188844,1,4,30,60,3600,450.0000000000002,44.99999999999999,2528.5042899214654,17.858261834642242
2256.361855851836,1,4,30,60,3600,300.00000000000045,49.999999999999986,2409.4492110238507,19.84251314960249
300.0,2,4,30,60,3600,1050.0,24.999999999999996,3225.0,6.249999999999999
328.63353450309967,2,4,30,60,3600,899.9999999999999,30.000000000000004,3150.0,7.500000000000001
354.964786985977,2,4,30,60,3600,749.9999999999998,35.00000000000001,3075.0,8.750000000000002
379.4733192202055,2,4,30,60,3600,600.0,40.0,3000.0,10.0
402.49223594996215,2,4,30,60,3600,450.0,45.0,2925.0,11.25
424.26406871192853,2,4,30,60,3600,300.0,50.0,2850.0,12.5
271.1088342345192,1,2,35,60,3600,1575.0,14.999999999999996,3293.75,5.104166666666666
313.0495168499706,1,2,35,60,3600,1399.9999999999998,20.000000000000007,3191.6666666666665,6.805555555555556
350.0,1,2,35,60,3600,1225.0,24.999999999999996,3089.5833333333335,8.506944444444445
383.4057902536163,1,2,35,60,3600,1049.9999999999998,30.000000000000004,2987.5,10.208333333333337
414.1255848169732,1,2,35,60,3600,874.9999999999998,35.00000000000001,2885.416666666666,11.909722222222227
442.7188724235731,1,2,35,60,3600,700.0,40.0,2783.3333333333335,13.611111111111107
469.5742752749558,1,2,35,60,3600,525.0,45.0,2681.25,15.3125
494.9747468305833,1,2,35,60,3600,350.0,50.0,2579.1666666666665,17.013888888888893
638.6312095352072,1,3,35,60,3600,1575.0,14.999999999999998,3199.024626691364,6.682922888477267
773.6466147144815,1,3,35,60,3600,1399.9999999999998,20.000000000000007,3065.3661689218184,8.910563851303024
897.7373720052661,1,3,35,60,3600,1225.0,24.999999999999996,2931.7077111522735,11.138204814128777
1013.7638538359116,1,3,35,60,3600,1050.0,30.0,2798.0492533827282,13.365845776954533
1123.4868545933339,1,3,35,60,3600,875.0,35.0,2664.3907956131825,15.593486739780289
1228.0874500494042,1,3,35,60,3600,700.0,40.0,2530.7323378436377,17.82112770260604
1328.4064478502555,1,3,35,60,3600,525.0,45.0,2397.0738800740924,20.048768665431798
1425.0692487123265,1,3,35,60,3600,350.0,50.0,2263.4154223045466,22.276409628257557
163.1297065625776,2,3,35,60,3600,1050.0000000000005,29.99999999999999,3242.7083333333335,5.95486111111111
171.730981284901,2,3,35,60,3600,875.0,35.0,3183.159722222222,6.9473379629629655
179.54747440105322,2,3,35,60,3600,700.0000000000002,39.99999999999999,3123.611111111111,7.939814814814816
186.73689848572832,2,3,35,60,3600,525.0000000000008,44.99999999999998,3064.0625,8.932291666666666
193.41165367862033,2,3,35,60,3600,350.0000000000005,49.999999999999986,3004.5138888888887,9.924768518518515
1067.078771124691,1,4,35,60,3600,1575.0,14.999999999999998,3161.336430690599,7.311059488490019
1324.0382526044461,1,4,35,60,3600,1400.0,19.999999999999996,3015.1152409207984,9.748079317986692
1565.2475842498527,1,4,35,60,3600,1225.0,24.999999999999996,2868.894051150998,12.185099147483363
1794.605426864183,1,4,35,60,3600,1050.0000000000002,29.999999999999996,2722.672861381198,14.622118976980035
2014.5547228125467,1,4,35,60,3600,875.0000000000002,34.99999999999999,2576.4516716113976,17.05913880647671
2226.758040547742,1,4,35,60,3600,700.0000000000002,39.99999999999999,2430.230481841597,19.496158635973384
2432.413589105365,1,4,35,60,3600,525.0000000000002,44.99999999999999,2284.009292071797,21.933178465470053
2632.4221651604757,1,4,35,60,3600,350.0000000000002,49.99999999999999,2137.7881023019963,24.37019829496673
271.1088342345192,2,4,35,60,3600,1575.0,14.999999999999996,3293.75,5.104166666666666
313.0495168499706,2,4,35,60,3600,1399.9999999999998,20.000000000000007,3191.6666666666665,6.805555555555556
350.0,2,4,35,60,3600,1225.0,24.999999999999996,3089.5833333333335,8.506944444444445
383.4057902536163,2,4,35,60,3600,1049.9999999999998,30.000000000000004,2987.5,10.208333333333337
414.1255848169732,2,4,35,60,3600,874.9999999999998,35.00000000000001,2885.416666666666,11.909722222222227
442.7188724235731,2,4,35,60,3600,700.0,40.0,2783.3333333333335,13.611111111111107
469.5742752749558,2,4,35,60,3600,525.0,45.0,2681.25,15.3125
494.9747468305833,2,4,35,60,3600,350.0,50.0,2579.1666666666665,17.013888888888893
120.86760299186307,3,4,35,60,3600,525.0000000000002,44.99999999999999,3287.3697916666665,5.210503472222223
124.0935709287164,3,4,35,60,3600,350.0000000000002,49.99999999999999,3252.633101851852,5.789448302469134
313.0495168499706,1,2,35,70,4200,1399.9999999999998,20.000000000000007,3850.0,5.000000000000002
350.0,1,2,35,70,4200,1225.0,24.999999999999996,3762.5,6.249999999999999
383.4057902536163,1,2,35,70,4200,1049.9999999999998,30.000000000000004,3675.0,7.500000000000001
414.1255848169732,1,2,35,70,4200,874.9999999999998,35.00000000000001,3587.5,8.750000000000002
442.7188724235731,1,2,35,70,4200,700.0,40.0,3500.0,10.0
469.5742752749558,1,2,35,70,4200,525.0,45.0,3412.5,11.25
494.9747468305833,1,2,35,70,4200,350.0,50.0,3325.0,12.5
638.6312095352072,1,3,35,70,4200,1575.0,14.999999999999998,3828.7689398770626,5.303300858899107
773.6466147144815,1,3,35,70,4200,1399.9999999999998,20.000000000000007,3705.025253169417,7.071067811865478
897.7373720052661,1,3,35,70,4200,1225.0,24.999999999999996,3581.281566461771,8.838834764831844
1013.7638538359116,1,3,35,70,4200,1050.0,30.0,3457.5378797541252,10.606601717798215
1123.4868545933339,1,3,35,70,4200,875.0,35.0,3333.7941930464794,12.374368670764584
1228.0874500494042,1,3,35,70,4200,700.0,40.0,3210.0505063388337,14.142135623730951
1328.4064478502555,1,3,35,70,4200,525.0,45.0,3086.3068196311874,15.90990257669732
1425.0692487123265,1,3,35,70,4200,350.0,50.0,2962.5631329235416,17.67766952966369
179.54747440105322,2,3,35,70,4200,700.0000000000002,39.99999999999999,3850.0,5.000000000000001
186.73689848572832,2,3,35,70,4200,525.0000000000008,44.99999999999998,3806.25,5.624999999999999
193.41165367862033,2,3,35,70,4200,350.0000000000005,49.999999999999986,3762.5,6.25
1067.078771124691,1,4,35,70,4200,1575.0,14.999999999999998,3783.3072238583477,5.952753944880747
1324.0382526044461,1,4,35,70,4200,1400.0,19.999999999999996,3644.4096318111306,7.937005259840997
1565.2475842498527,1,4,35,70,4200,1225.0,24.999999999999996,3505.5120397639125,9.921256574801246
1794.605426864183,1,4,35,70,4200,1050.0000000000002,29.999999999999996,3366.6144477166954,11.905507889761495
2014.5547228125467,1,4,35,70,4200,875.0000000000002,34.99999999999999,3227.7168556694783,13.889759204721743
2226.758040547742,1,4,35,70,4200,700.0000000000002,39.99999999999999,3088.81926362226,15.874010519681994
2432.413589105365,1,4,35,70,4200,525.0000000000002,44.99999999999999,2949.921671575043,17.858261834642242
2632.4221651604757,1,4,35,70,4200,350.0000000000002,49.99999999999999,2811.024079527825,19.842513149602492
313.0495168499706,2,4,35,70,4200,1399.9999999999998,20.000000000000007,3850.0,5.000000000000002
350.0,2,4,35,70,4200,1225.0,24.999999999999996,3762.5,6.249999999999999
383.4057902536163,2,4,35,70,4200,1049.9999999999998,30.000000000000004,3675.0,7.500000000000001
414.1255848169732,2,4,35,70,4200,874.9999999999998,35.00000000000001,3587.5,8.750000000000002
442.7188724235731,2,4,35,70,4200,700.0,40.0,3500.0,10.0
469.5742752749558,2,4,35,70,4200,525.0,45.0,3412.5,11.25
494.9747468305833,2,4,35,70,4200,350.0,50.0,3325.0,12.5
252.98221281347034,1,2,40,20,2400,2000.0,10.0,400.0,40.0
556.9906600335337,1,3,40,20,2400,2000.0,10.000000000000004,634.3145750507618,28.284271247461906
729.8642394688083,1,3,40,20,2400,1800.0,15.000000000000004,351.47186257614294,42.42640687119285
899.7461203045584,1,4,40,20,2400,2000.0,9.999999999999998,696.0315800420508,25.198420997897458
1219.5185955710754,1,4,40,20,2400,1800.0,14.999999999999998,444.0473700630763,37.797631496846186
1513.1865744050813,1,4,40,20,2400,1600.0,19.999999999999996,192.0631600841017,50.396841995794915
252.98221281347034,2,4,40,20,2400,2000.0,10.0,400.0,40.0
252.98221281347034,1,2,40,30,2400,2000.0,10.0,1266.6666666666667,17.77777777777778
309.8386676965933,1,2,40,30,2400,1800.0,14.999999999999996,1000.0000000000002,26.666666666666657
357.77087639996637,1,2,40,30,2400,1600.0,20.0,733.3333333333333,35.55555555555556
400.0,1,2,40,30,2400,1400.0,24.999999999999996,466.6666666666665,44.44444444444445
438.1780460041329,1,2,40,30,2400,1199.9999999999998,30.000000000000004,199.99999999999972,53.33333333333334
556.9906600335337,1,3,40,30,2400,2000.0,10.000000000000004,1338.1197846482994,15.396007178390022
729.8642394688083,1,3,40,30,2400,1800.0,15.000000000000004,1107.179676972449,23.09401076758503
884.1675596736932,1,3,40,30,2400,1599.9999999999998,20.000000000000007,876.2395692965986,30.792014356780047
1025.9855680060184,1,3,40,30,2400,1400.0000000000002,24.999999999999993,645.299461620749,38.49001794597503
1158.5872615267563,1,3,40,30,2400,1199.9999999999998,30.000000000000004,414.35935394489803,46.188021535170066
1283.9849766780958,1,3,40,30,2400,1000.0000000000002,34.99999999999999,183.41924626904836,53.886025124365055
129.26608140191303,2,3,40,30,2400,2000.0000000000002,9.999999999999995,1088.8888888888891,23.70370370370369
147.97272445982824,2,3,40,30,2400,1800.0,15.000000000000002,733.3333333333337,35.55555555555554
162.86505699569443,2,3,40,30,2400,1600.0,20.0,377.77777777777806,47.4074074074074
1219.5185955710754,1,4,40,30,2400,1800.0,14.999999999999998,1139.6145502210748,22.012848325964175
1513.1865744050813,1,4,40,30,2400,1600.0,19.999999999999996,919.486066961433,29.3504644346189
1788.8543819998317,1,4,40,30,2400,1400.0,24.999999999999996,699.3575837017913,36.68808054327362
2050.9776307019238,1,4,40,30,2400,1200.0000000000002,29.999999999999996,479.2291004421493,44.02569665192836
2302.3482546429104,1,4,40,30,2400,1000.0000000000002,34.99999999999999,259.1006171825079,51.36331276058307
252.98221281347034,2,4,40,30,2400,2000.0,10.0,1266.6666666666667,17.77777777777778
309.8386676965933,2,4,40,30,2400,1800.0,14.999999999999996,1000.0000000000002,26.666666666666657
357.77087639996637,2,4,40,30,2400,1600.0,20.0,733.3333333333333,35.55555555555556
400.0,2,4,40,30,2400,1400.0,24.999999999999996,466.6666666666665,44.44444444444445
438.1780460041329,2,4,40,30,2400,1199.9999999999998,30.000000000000004,199.99999999999972,53.33333333333334
94.84156853540922,3,4,40,30,2400,2000.0,10.0,851.8518518518518,31.60493827160494
104.95944913415629,3,4,40,30,2400,1800.0,15.0,377.77777777777766,47.40740740740741
309.8386676965933,1,2,40,60,3600,1800.0,14.999999999999996,3200.0,6.666666666666664
357.77087639996637,1,2,40,60,3600,1600.0,20.0,3066.666666666667,8.88888888888889
400.0,1,2,40,60,3600,1400.0,24.999999999999996,2933.333333333333,11.111111111111112
438.1780460041329,1,2,40,60,3600,1199.9999999999998,30.000000000000004,2800.0,13.333333333333336
473.28638264796933,1,2,40,60,3600,999.9999999999998,35.00000000000001,2666.6666666666665,15.55555555555556
505.9644256269407,1,2,40,60,3600,800.0,40.0,2533.3333333333335,17.77777777777778
536.6563145999495,1,2,40,60,3600,600.0,45.0,2400.0,19.999999999999996
565.685424949238,1,2,40,60,3600,400.0,50.0,2266.6666666666665,22.22222222222222
729.8642394688083,1,3,40,60,3600,1800.0,15.000000000000004,3110.1020514433644,8.16496580927726
884.1675596736932,1,3,40,60,3600,1599.9999999999998,20.000000000000007,2946.8027352578188,10.88662107903635
1025.9855680060184,1,3,40,60,3600,1400.0000000000002,24.999999999999993,2783.5034190722745,13.60827634879543
1158.5872615267563,1,3,40,60,3600,1199.9999999999998,30.000000000000004,2620.2041028867284,16.329931618554525
1283.9849766780958,1,3,40,60,3600,1000.0000000000002,34.99999999999999,2456.9047867011836,19.051586888313604
1403.5285143421763,1,3,40,60,3600,800.0,40.0,2293.6054705156384,21.773242158072694
1518.1787975431491,1,3,40,60,3600,600.0,45.0,2130.3061543300932,24.49489742783178
1628.6505699569445,1,3,40,60,3600,400.0,50.0,1967.0068381445478,27.216552697590867
162.86505699569443,2,3,40,60,3600,1600.0,20.0,3244.4444444444443,5.9259259259259265
175.44106429277198,2,3,40,60,3600,1400.0,25.0,3155.5555555555557,7.4074074074074066
186.43395035723154,2,3,40,60,3600,1200.0000000000005,29.99999999999999,3066.666666666667,8.888888888888888
196.26397861131542,2,3,40,60,3600,1000.0000000000009,34.99999999999998,2977.777777777778,10.37037037037037
205.19711360120368,2,3,40,60,3600,800.0000000000002,39.99999999999999,2888.8888888888887,11.851851851851855
213.41359826940376,2,3,40,60,3600,600.000000000002,44.99999999999995,2800.0000000000005,13.333333333333325
221.0418899184232,2,3,40,60,3600,400.00000000000057,49.999999999999986,2711.1111111111113,14.814814814814813
1219.5185955710754,1,4,40,60,3600,1800.0,14.999999999999998,3075.8517211582207,8.735804647362988
1513.1865744050813,1,4,40,60,3600,1600.0,19.999999999999996,2901.135628210961,11.647739529817317
1788.8543819998317,1,4,40,60,3600,1400.0,24.999999999999996,2726.419535263701,14.559674412271644
2050.9776307019238,1,4,40,60,3600,1200.0000000000002,29.999999999999996,2551.7034423164414,17.47160929472598
2302.3482546429104,1,4,40,60,3600,1000.0000000000002,34.99999999999999,2376.987349369182,20.3835441771803
2544.866332054562,1,4,40,60,3600,800.0000000000002,39.99999999999999,2202.2712564219223,23.29547905963463
2779.901244691846,1,4,40,60,3600,600.0000000000002,44.99999999999999,2027.5551634746623,26.207413942088962
3008.482474469115,1,4,40,60,3600,400.0000000000003,49.99999999999999,1852.8390705274026,29.11934882454329
309.8386676965933,2,4,40,60,3600,1800.0,14.999999999999996,3200.0,6.666666666666664
357.77087639996637,2,4,40,60,3600,1600.0,20.0,3066.666666666667,8.88888888888889
400.0,2,4,40,60,3600,1400.0,24.999999999999996,2933.333333333333,11.111111111111112
438.1780460041329,2,4,40,60,3600,1199.9999999999998,30.000000000000004,2800.0,13.333333333333336
473.28638264796933,2,4,40,60,3600,999.9999999999998,35.00000000000001,2666.6666666666665,15.55555555555556
505.9644256269407,2,4,40,60,3600,800.0,40.0,2533.3333333333335,17.77777777777778
536.6563145999495,2,4,40,60,3600,600.0,45.0,2400.0,19.999999999999996
565.685424949238,2,4,40,60,3600,400.0,50.0,2266.6666666666665,22.22222222222222
124.81852369710484,3,4,40,60,3600,1200.0000000000007,29.999999999999982,3244.4444444444443,5.925925925925924
129.72262821854866,3,4,40,60,3600,999.9999999999998,35.00000000000001,3185.185185185185,6.913580246913583
134.12623249951312,3,4,40,60,3600,799.9999999999989,40.00000000000003,3125.9259259259256,7.901234567901242
138.13440341927208,3,4,40,60,3600,600.0000000000002,44.99999999999999,3066.666666666667,8.88888888888889
141.82122391853304,3,4,40,60,3600,400.0000000000003,49.99999999999999,3007.4074074074074,9.876543209876543
626.6144925377254,1,3,45,15,2700,2250.0,10.000000000000002,120.57713659400531,51.96152422706631
1012.2143853426282,1,4,45,15,2700,2250.0,9.999999999999998,250.98769336166643,43.26748710922224
284.60498941515414,1,2,45,30,2700,2250.0,10.0,1125.0,22.5
348.56850115866746,1,2,45,30,2700,2025.0,14.999999999999996,787.5000000000005,33.749999999999986
402.49223594996215,1,2,45,30,2700,1800.0,20.0,450.0,45.0
626.6144925377254,1,3,45,30,2700,2250.0,10.000000000000002,1248.864807873785,18.371173070873837
821.0972694024093,1,3,45,30,2700,2025.0,15.000000000000004,973.2972118106775,27.556759606310752
994.6885046329048,1,3,45,30,2700,1799.9999999999998,20.000000000000007,697.7296157475698,36.742346141747674
1154.2337640067708,1,3,45,30,2700,1575.0,25.0,422.1620196844626,45.92793267718458
145.42434157715218,2,3,45,30,2700,2250.0,10.000000000000002,787.5000000000002,33.74999999999999
166.46931501730677,2,3,45,30,2700,2025.0,15.000000000000002,281.25,50.625
1012.2143853426282,1,4,45,30,2700,2250.0,9.999999999999998,1284.8785908510008,17.170713638299972
1371.9584200174597,1,4,45,30,2700,2025.0,14.999999999999998,1027.317886276501,25.75607045744996
1702.3348962057164,1,4,45,30,2700,1800.0,19.999999999999996,769.7571817020015,34.34142727659995
2012.4611797498108,1,4,45,30,2700,1575.0,24.999999999999996,512.1964771275019,42.92678409574994
2307.3498345396642,1,4,45,30,2700,1350.0000000000002,29.999999999999996,254.63577255300186,51.51214091489994
284.60498941515414,2,4,45,30,2700,2250.0,10.0,1125.0,22.5
348.56850115866746,2,4,45,30,2700,2025.0,14.999999999999996,787.5000000000005,33.749999999999986
402.49223594996215,2,4,45,30,2700,1800.0,20.0,450.0,45.0
106.69676460233536,3,4,45,30,2700,2250.0,10.0,281.25,50.625
348.56850115866746,1,2,45,60,3600,2025.0,14.999999999999996,3093.75,8.437499999999996
402.49223594996215,1,2,45,60,3600,1800.0,20.0,2925.0,11.25
450.0,1,2,45,60,3600,1575.0,24.999999999999996,2756.25,14.0625
492.95030175464956,1,2,45,60,3600,1349.9999999999998,30.000000000000004,2587.5,16.875000000000004
532.4471804789655,1,2,45,60,3600,1124.9999999999998,35.00000000000001,2418.75,19.687500000000004
569.2099788303083,1,2,45,60,3600,900.0,40.0,2250.0,22.5
603.7383539249432,1,2,45,60,3600,675.0,45.0,2081.25,25.3125
636.3961030678928,1,2,45,60,3600,450.0,50.0,1912.5,28.125
821.0972694024093,1,3,45,60,3600,2025.0,15.000000000000004,3015.432852445504,9.742785792574937
994.6885046329048,1,3,45,60,3600,1799.9999999999998,20.000000000000007,2820.5771365940054,12.990381056766582
1154.2337640067708,1,3,45,60,3600,1575.0,25.0,2625.7214207425063,16.23797632095822
1303.4106692176006,1,3,45,60,3600,1350.0000000000002,29.999999999999993,2430.8657048910077,19.485571585149867
1444.4830987628577,1,3,45,60,3600,1125.0000000000007,34.999999999999986,2236.0099890395095,22.733166849341508
1578.9695786349482,1,3,45,60,3600,900.0,40.0,2041.1542731880104,25.980762113533157
1707.9511472360427,1,3,45,60,3600,675.0000000000007,44.999999999999986,1846.2985573365124,29.228357377724794
1832.2318912015626,1,3,45,60,3600,450.0000000000006,49.999999999999986,1651.4428414850133,32.47595264191644
166.46931501730677,2,3,45,60,3600,2025.0,15.000000000000002,3220.3125,6.328125000000002
183.22318912015623,2,3,45,60,3600,1800.0,20.0,3093.75,8.437500000000004
197.3711973293685,2,3,45,60,3600,1575.0000000000007,24.99999999999999,2967.1875,10.546874999999998
209.7381941518855,2,3,45,60,3600,1350.0000000000005,29.99999999999999,2840.625,12.656249999999996
220.79697593772985,2,3,45,60,3600,1125.0,35.0,2714.0625,14.765625000000004
230.84675280135414,2,3,45,60,3600,900.0000000000003,39.99999999999999,2587.5,16.875000000000004
240.09029805307924,2,3,45,60,3600,675.0000000000023,44.99999999999995,2460.937500000001,18.984374999999986
248.67212615822612,2,3,45,60,3600,450.0000000000006,49.999999999999986,2334.375,21.093749999999996
1702.3348962057164,1,4,45,60,3600,1800.0,19.999999999999996,2782.295733225537,13.628404446241046
2012.4611797498108,1,4,45,60,3600,1575.0,24.999999999999996,2577.8696665319217,17.035505557801308
2307.3498345396642,1,4,45,60,3600,1350.0000000000002,29.999999999999996,2373.4435998383055,20.442606669361574
2590.1417864732744,1,4,45,60,3600,1125.0000000000002,34.99999999999999,2169.01753314469,23.849707780921833
2862.9746235613825,1,4,45,60,3600,900.0000000000003,39.99999999999999,1964.5914664510742,27.256808892482095
3127.3889002783267,1,4,45,60,3600,675.0000000000003,44.99999999999999,1760.1653997574585,30.663910004042357
3384.5427837777543,1,4,45,60,3600,450.00000000000034,49.99999999999999,1555.739333063843,34.071011115602616
348.56850115866746,2,4,45,60,3600,2025.0,14.999999999999996,3093.75,8.437499999999996
402.49223594996215,2,4,45,60,3600,1800.0,20.0,2925.0,11.25
450.0,2,4,45,60,3600,1575.0,24.999999999999996,2756.25,14.0625
492.95030175464956,2,4,45,60,3600,1349.9999999999998,30.000000000000004,2587.5,16.875000000000004
532.4471804789655,2,4,45,60,3600,1124.9999999999998,35.00000000000001,2418.75,19.687500000000004
569.2099788303083,2,4,45,60,3600,900.0,40.0,2250.0,22.5
603.7383539249432,2,4,45,60,3600,675.0,45.0,2081.25,25.3125
636.3961030678928,2,4,45,60,3600,450.0,50.0,1912.5,28.125
126.8845516128677,3,4,45,60,3600,1800.0,20.0,3220.3125,6.328124999999998
134.16407864998737,3,4,45,60,3600,1575.0,25.000000000000004,3125.390625,7.910156249999999
140.42083915924295,3,4,45,60,3600,1350.000000000001,29.999999999999982,3030.4687500000005,9.492187499999995
145.93795674586727,3,4,45,60,3600,1124.9999999999986,35.00000000000003,2935.5468749999995,11.074218750000009
150.89201156195224,3,4,45,60,3600,900.0000000000007,39.999999999999986,2840.625,12.656249999999998
155.40120384668108,3,4,45,60,3600,675.0000000000003,44.99999999999999,2745.703125,14.238281249999998
159.54887690834965,3,4,45,60,3600,450.00000000000034,49.99999999999999,2650.7812500000005,15.820312499999993
316.2277660168379,1,2,50,25,3000,2500.0,10.0,500.0,40.0
696.238325041917,1,3,50,25,3000,2500.0,10.000000000000002,792.8932188134526,28.2842712474619
912.3302993360103,1,3,50,25,3000,2250.0,14.999999999999998,439.339828220179,42.42640687119284
1124.682650380698,1,4,50,25,3000,2500.0,9.999999999999998,870.0394750525636,25.198420997897458
1524.398244463844,1,4,50,25,3000,2250.0,14.999999999999998,555.0592125788453,37.797631496846186
1891.4832180063518,1,4,50,25,3000,2000.0,19.999999999999996,240.07895010512712,50.396841995794915
316.2277660168379,2,4,50,25,3000,2500.0,10.0,500.0,40.0
447.21359549995793,1,2,50,60,3600,2000.0,20.0,2766.666666666667,13.888888888888888
500.0,1,2,50,60,3600,1750.0,24.999999999999996,2558.333333333333,17.36111111111111
547.7225575051662,1,2,50,60,3600,1499.9999999999998,30.000000000000004,2350.0,20.833333333333336
591.6079783099616,1,2,50,60,3600,1250.0000000000005,34.99999999999999,2141.6666666666665,24.305555555555557
632.4555320336758,1,2,50,60,3600,1000.0,40.0,1933.3333333333337,27.77777777777777
670.8203932499368,1,2,50,60,3600,750.0,45.0,1725.0000000000007,31.24999999999999
707.1067811865476,1,2,50,60,3600,500.0,50.0,1516.6666666666663,34.72222222222223
1282.481960007523,1,3,50,60,3600,1750.0,24.999999999999996,2458.9113385309042,19.018144357818265
1448.234076908445,1,3,50,60,3600,1500.0000000000005,29.999999999999993,2230.693606237085,22.82177322938192
1604.9812208476196,1,3,50,60,3600,1250.0000000000005,34.99999999999999,2002.4758739432662,26.625402100945568
1754.4106429277203,1,3,50,60,3600,999.9999999999997,40.00000000000001,1774.2581416494459,30.429030972509235
1897.7234969289366,1,3,50,60,3600,750.0,45.0,1546.040409355627,34.232659844072884
2035.8132124461806,1,3,50,60,3600,500.0,50.0,1317.8226770618082,38.03628871563653
184.9659055747853,2,3,50,60,3600,2250.0,15.000000000000002,3079.1666666666665,8.680555555555557
203.58132124461804,2,3,50,60,3600,2000.0,20.0,2905.5555555555557,11.57407407407407
219.301330365965,2,3,50,60,3600,1750.0000000000007,24.99999999999999,2731.944444444445,14.467592592592588
233.04243794653942,2,3,50,60,3600,1500.0000000000005,29.99999999999999,2558.333333333334,17.361111111111104
245.3299732641443,2,3,50,60,3600,1250.0,35.0,2384.722222222222,20.254629629629633
256.4963920015046,2,3,50,60,3600,1000.0000000000003,39.99999999999999,2211.1111111111118,23.14814814814814
266.76699783675474,2,3,50,60,3600,750.000000000001,44.99999999999998,2037.5000000000005,26.04166666666666
276.302362398029,2,3,50,60,3600,500.00000000000216,49.99999999999996,1863.8888888888898,28.93518518518517
2236.06797749979,1,4,50,60,3600,1750.0,24.999999999999996,2423.7049638987146,19.604917268354757
2563.7220383774047,1,4,50,60,3600,1500.0000000000002,29.999999999999996,2188.445956678457,23.525900722025714
2877.9353183036383,1,4,50,60,3600,1250.0000000000005,34.99999999999999,1953.1869494582004,27.44688417569666
3181.082915068203,1,4,50,60,3600,1000.0000000000003,39.99999999999999,1717.927942237943,31.367867629367616
3474.8765558648074,1,4,50,60,3600,750.0000000000003,44.99999999999999,1482.6689350176864,35.28885108303856
3760.6030930863935,1,4,50,60,3600,500.00000000000034,49.99999999999999,1247.4099277974296,39.20983453670951
447.21359549995793,2,4,50,60,3600,2000.0,20.0,2766.666666666667,13.888888888888888
500.0,2,4,50,60,3600,1750.0,24.999999999999996,2558.333333333333,17.36111111111111
547.7225575051662,2,4,50,60,3600,1499.9999999999998,30.000000000000004,2350.0,20.833333333333336
591.6079783099616,2,4,50,60,3600,1250.0000000000005,34.99999999999999,2141.6666666666665,24.305555555555557
632.4555320336758,2,4,50,60,3600,1000.0,40.0,1933.3333333333337,27.77777777777777
670.8203932499368,2,4,50,60,3600,750.0,45.0,1725.0000000000007,31.24999999999999
707.1067811865476,2,4,50,60,3600,500.0,50.0,1516.6666666666663,34.72222222222223
131.19931141769536,3,4,50,60,3600,2250.0,15.0,3165.9722222222226,7.233796296296294
140.98283512540854,3,4,50,60,3600,2000.0,20.0,3021.296296296296,9.645061728395062
149.07119849998597,3,4,50,60,3600,1750.0,25.000000000000004,2876.6203703703704,12.056327160493824
156.02315462138105,3,4,50,60,3600,1500.000000000001,29.999999999999982,2731.944444444445,14.46759259259259
162.15328527318584,3,4,50,60,3600,1249.9999999999986,35.00000000000003,2587.268518518518,16.878858024691368
167.6577906243914,3,4,50,60,3600,999.9999999999997,40.00000000000001,2442.592592592592,19.290123456790127
172.6680042740901,3,4,50,60,3600,750.0000000000003,44.99999999999999,2297.916666666667,21.701388888888886
177.2765298981663,3,4,50,60,3600,499.9999999999975,50.00000000000005,2153.240740740739,24.11265432098768
387.2983346207416,1,2,50,75,4500,2250.0,14.999999999999996,4000.0,6.666666666666664
447.21359549995793,1,2,50,75,4500,2000.0,20.0,3833.3333333333335,8.88888888888889
500.0,1,2,50,75,4500,1750.0,24.999999999999996,3666.6666666666665,11.111111111111112
547.7225575051662,1,2,50,75,4500,1499.9999999999998,30.000000000000004,3500.0,13.333333333333336
591.6079783099616,1,2,50,75,4500,1250.0000000000005,34.99999999999999,3333.333333333333,15.555555555555554
632.4555320336758,1,2,50,75,4500,1000.0,40.0,3166.666666666667,17.777777777777775
670.8203932499368,1,2,50,75,4500,750.0,45.0,3000.0,19.999999999999996
707.1067811865476,1,2,50,75,4500,500.0,50.0,2833.3333333333335,22.22222222222222
912.3302993360103,1,3,50,75,4500,2250.0,14.999999999999998,3887.6275643042054,8.164965809277259
1105.2094495921165,1,3,50,75,4500,1999.9999999999995,20.000000000000007,3683.5034190722736,10.88662107903635
1282.481960007523,1,3,50,75,4500,1750.0,24.999999999999996,3479.379273840342,13.608276348795433
1448.234076908445,1,3,50,75,4500,1500.0000000000005,29.999999999999993,3275.255128608411,16.32993161855452
1604.9812208476196,1,3,50,75,4500,1250.0000000000005,34.99999999999999,3071.1309833764794,19.051586888313604
1754.4106429277203,1,3,50,75,4500,999.9999999999997,40.00000000000001,2867.006838144547,21.7732421580727
1897.7234969289366,1,3,50,75,4500,750.0,45.0,2662.8826929126167,24.49489742783178
2035.8132124461806,1,3,50,75,4500,500.0,50.0,2458.758547680685,27.216552697590867
203.58132124461804,2,3,50,75,4500,2000.0,20.0,4055.5555555555557,5.9259259259259265
219.301330365965,2,3,50,75,4500,1750.0000000000007,24.99999999999999,3944.444444444445,7.4074074074074066
233.04243794653942,2,3,50,75,4500,1500.0000000000005,29.99999999999999,3833.3333333333335,8.888888888888884
245.3299732641443,2,3,50,75,4500,1250.0,35.0,3722.222222222222,10.370370370370374
256.4963920015046,2,3,50,75,4500,1000.0000000000003,39.99999999999999,3611.1111111111113,11.85185185185185
266.76699783675474,2,3,50,75,4500,750.000000000001,44.99999999999998,3500.0,13.333333333333336
276.302362398029,2,3,50,75,4500,500.00000000000216,49.99999999999996,3388.888888888889,14.814814814814808
1524.398244463844,1,4,50,75,4500,2250.0,14.999999999999998,3844.8146514477758,8.735804647362988
1891.4832180063518,1,4,50,75,4500,2000.0,19.999999999999996,3626.419535263701,11.647739529817317
2236.06797749979,1,4,50,75,4500,1750.0,24.999999999999996,3408.0244190796266,14.559674412271644
2563.7220383774047,1,4,50,75,4500,1500.0000000000002,29.999999999999996,3189.6293028955515,17.47160929472598
2877.9353183036383,1,4,50,75,4500,1250.0000000000005,34.99999999999999,2971.234186711477,20.383544177180305
3181.082915068203,1,4,50,75,4500,1000.0000000000003,39.99999999999999,2752.839070527403,23.295479059634634
3474.8765558648074,1,4,50,75,4500,750.0000000000003,44.99999999999999,2534.4439543433277,26.207413942088962
3760.6030930863935,1,4,50,75,4500,500.00000000000034,49.99999999999999,2316.048838159253,29.11934882454329
387.2983346207416,2,4,50,75,4500,2250.0,14.999999999999996,4000.0,6.666666666666664
447.21359549995793,2,4,50,75,4500,2000.0,20.0,3833.3333333333335,8.88888888888889
500.0,2,4,50,75,4500,1750.0,24.999999999999996,3666.6666666666665,11.111111111111112
547.7225575051662,2,4,50,75,4500,1499.9999999999998,30.000000000000004,3500.0,13.333333333333336
591.6079783099616,2,4,50,75,4500,1250.0000000000005,34.99999999999999,3333.333333333333,15.555555555555554
632.4555320336758,2,4,50,75,4500,1000.0,40.0,3166.666666666667,17.777777777777775
670.8203932499368,2,4,50,75,4500,750.0,45.0,3000.0,19.999999999999996
707.1067811865476,2,4,50,75,4500,500.0,50.0,2833.3333333333335,22.22222222222222
156.02315462138105,3,4,50,75,4500,1500.000000000001,29.999999999999982,4055.5555555555557,5.925925925925924
162.15328527318584,3,4,50,75,4500,1249.9999999999986,35.00000000000003,3981.4814814814813,6.913580246913583
167.6577906243914,3,4,50,75,4500,999.9999999999997,40.00000000000001,3907.4074074074074,7.901234567901236
172.6680042740901,3,4,50,75,4500,750.0000000000003,44.99999999999999,3833.3333333333335,8.88888888888889
177.2765298981663,3,4,50,75,4500,499.9999999999975,50.00000000000005,3759.2592592592587,9.876543209876552
650.7687761409578,1,2,55,60,3600,1374.9999999999995,35.00000000000001,1835.4166666666663,29.40972222222223
695.7010852370435,1,2,55,60,3600,1100.0,40.0,1583.333333333333,33.611111111111114
737.9024325749306,1,2,55,60,3600,825.0,45.0,1331.25,37.8125
777.8174593052023,1,2,55,60,3600,550.0,50.0,1079.1666666666665,42.01388888888889
2087.49584662183,1,3,55,60,3600,825.0000000000008,44.999999999999986,1230.3679083030638,39.49386819494894
2239.3945336907987,1,3,55,60,3600,550.0,50.0,967.0754536700708,43.882075772165486
241.2314634025615,2,3,55,60,3600,1925.0,25.0,2444.618055555556,19.256365740740737
256.3466817411934,2,3,55,60,3600,1650.0000000000007,29.99999999999999,2213.541666666667,23.107638888888882
269.8629705905587,2,3,55,60,3600,1375.0,35.0,1982.4652777777778,26.958912037037035
282.1460312016551,2,3,55,60,3600,1099.9999999999993,40.000000000000014,1751.388888888888,30.8101851851852
293.4436976204302,2,3,55,60,3600,825.0000000000011,44.99999999999998,1520.3124999999998,34.661458333333336
303.9325986378319,2,3,55,60,3600,550.0000000000008,49.999999999999986,1289.2361111111125,38.51273148148146
4136.663402395033,1,4,55,60,3600,550.0000000000008,49.999999999999986,928.6148535097502,44.5230857748375
650.7687761409578,2,4,55,60,3600,1374.9999999999995,35.00000000000001,1835.4166666666663,29.40972222222223
695.7010852370435,2,4,55,60,3600,1100.0,40.0,1583.333333333333,33.611111111111114
737.9024325749306,2,4,55,60,3600,825.0,45.0,1331.25,37.8125
777.8174593052023,2,4,55,60,3600,550.0,50.0,1079.1666666666665,42.01388888888889
155.0811186379494,3,4,55,60,3600,2200.0,20.0,2752.7199074074074,14.121334876543207
163.97831834998456,3,4,55,60,3600,1925.0000000000007,24.99999999999999,2540.899884259259,17.651668595679013
171.62547008351916,3,4,55,60,3600,1650.000000000001,29.999999999999982,2329.0798611111113,21.18200231481481
178.36861380050442,3,4,55,60,3600,1374.9999999999984,35.00000000000003,2117.2598379629617,24.71233603395064
184.42356968683055,3,4,55,60,3600,1099.9999999999995,40.00000000000001,1905.439814814814,28.24266975308643
189.9348047014991,3,4,55,60,3600,825.0000000000019,44.999999999999964,1693.6197916666674,31.77300347222221
195.00418288798292,3,4,55,60,3600,549.9999999999989,50.00000000000002,1481.7997685185176,35.30333719135804
835.4859900503004,1,3,60,20,3600,3000.0,9.999999999999998,160.76951545867402,51.9615242270663
1349.6191804568377,1,4,60,20,3600,3000.0,9.999999999999998,334.6502578155551,43.267487109222245
835.4859900503004,1,3,60,25,3600,3000.0,9.999999999999998,570.4839969102201,37.180640123591196
1349.6191804568377,1,4,60,25,3600,3000.0,9.999999999999998,696.6804599013967,32.13278160394413
1829.277893356613,1,4,60,25,3600,2700.0,14.999999999999998,295.02068985209513,48.199172405916194
379.4733192202055,1,2,60,30,3600,3000.0,10.0,600.0,40.0
835.4859900503004,1,3,60,30,3600,3000.0,9.999999999999998,951.4718625761432,28.284271247461895
1094.7963592032124,1,3,60,30,3600,2700.0,15.000000000000004,527.2077938642144,42.42640687119285
1349.6191804568377,1,4,60,30,3600,3000.0,9.999999999999998,1044.0473700630762,25.198420997897458
1829.277893356613,1,4,60,30,3600,2700.0,14.999999999999998,666.0710550946144,37.797631496846186
2269.779861607622,1,4,60,30,3600,2400.0,19.999999999999996,288.09474012615254,50.396841995794915
379.4733192202055,2,4,60,30,3600,3000.0,10.0,600.0,40.0
379.4733192202055,1,2,60,35,3600,3000.0,10.0,1071.4285714285713,29.387755102040817
464.75800154488996,1,2,60,35,3600,2700.0,14.999999999999996,557.1428571428576,44.08163265306121
835.4859900503004,1,3,60,35,3600,3000.0,9.999999999999998,1314.4155951504274,22.445268709987786
1094.7963592032124,1,3,60,35,3600,2700.0,15.000000000000004,921.6233927256412,33.66790306498168
1326.2513395105398,1,3,60,35,3600,2399.9999999999995,20.000000000000007,528.8311903008547,44.89053741997558
193.89912210286957,2,3,60,35,3600,3000.0,9.999999999999998,336.7346938775514,50.37900874635567
1349.6191804568377,1,4,60,35,3600,3000.0,9.999999999999998,1381.9098232937097,20.516862191608293
1829.277893356613,1,4,60,35,3600,2700.0,14.999999999999998,1022.8647349405644,30.775293287412445
2269.779861607622,1,4,60,35,3600,2400.0,19.999999999999996,663.8196465874192,41.033724383216594
2683.281572999748,1,4,60,35,3600,2100.0,24.999999999999996,304.774558234274,51.29215547902074
379.4733192202055,2,4,60,35,3600,3000.0,10.0,1071.4285714285713,29.387755102040817
464.75800154488996,2,4,60,35,3600,2700.0,14.999999999999996,557.1428571428576,44.08163265306121
379.4733192202055,1,2,60,40,3600,3000.0,10.0,1500.0,22.499999999999996
464.75800154488996,1,2,60,40,3600,2700.0,14.999999999999996,1050.0000000000005,33.749999999999986
536.6563145999495,1,2,60,40,3600,2400.0,19.999999999999996,600.0,45.0
835.4859900503004,1,3,60,40,3600,3000.0,9.999999999999998,1665.1530771650469,18.37117307087383
1094.7963592032124,1,3,60,40,3600,2700.0,15.000000000000004,1297.72961574757,27.556759606310752
1326.2513395105398,1,3,60,40,3600,2399.9999999999995,20.000000000000007,930.306154330093,36.742346141747674
1538.9783520090277,1,3,60,40,3600,2100.0,24.999999999999996,562.8826929126169,45.92793267718458
193.89912210286957,2,3,60,40,3600,3000.0,9.999999999999998,1050.0000000000002,33.74999999999999
221.95908668974235,2,3,60,40,3600,2700.0,14.999999999999996,375.0000000000014,50.624999999999964
1349.6191804568377,1,4,60,40,3600,3000.0,9.999999999999998,1713.1714544680012,17.170713638299976
1829.277893356613,1,4,60,40,3600,2700.0,14.999999999999998,1369.7571817020014,25.75607045744996
2269.779861607622,1,4,60,40,3600,2400.0,19.999999999999996,1026.342908936002,34.34142727659995
2683.281572999748,1,4,60,40,3600,2100.0,24.999999999999996,682.9286361700025,42.92678409574994
3076.466446052885,1,4,60,40,3600,1800.0000000000002,29.999999999999996,339.51436340400335,51.512140914899916
379.4733192202055,2,4,60,40,3600,3000.0,10.0,1500.0,22.499999999999996
464.75800154488996,2,4,60,40,3600,2700.0,14.999999999999996,1050.0000000000005,33.749999999999986
536.6563145999495,2,4,60,40,3600,2400.0,19.999999999999996,600.0,45.0
142.26235280311383,3,4,60,40,3600,3000.0,10.0,374.9999999999986,50.625000000000036
379.4733192202055,1,2,60,45,3600,3000.0,10.0,1900.0000000000002,17.777777777777775
464.75800154488996,1,2,60,45,3600,2700.0,14.999999999999996,1500.0000000000005,26.666666666666657
536.6563145999495,1,2,60,45,3600,2400.0,19.999999999999996,1100.0,35.55555555555556
600.0,1,2,60,45,3600,2100.0,24.999999999999996,699.9999999999998,44.44444444444445
657.2670690061993,1,2,60,45,3600,1799.9999999999998,30.000000000000004,299.99999999999955,53.33333333333334
835.4859900503004,1,3,60,45,3600,3000.0,9.999999999999998,2007.179676972449,15.396007178390018
1094.7963592032124,1,3,60,45,3600,2700.0,15.000000000000004,1660.7695154586736,23.09401076758503
1326.2513395105398,1,3,60,45,3600,2399.9999999999995,20.000000000000007,1314.359353944898,30.792014356780047
1538.9783520090277,1,3,60,45,3600,2100.0,24.999999999999996,967.9491924311232,38.49001794597504
1737.8808922901342,1,3,60,45,3600,1800.0,30.0,621.5390309173476,46.18802153517005
1925.9774650171437,1,3,60,45,3600,1500.0000000000005,34.99999999999999,275.12886940357254,53.886025124365055
193.89912210286957,2,3,60,45,3600,3000.0,9.999999999999998,1633.3333333333337,23.70370370370369
221.95908668974235,2,3,60,45,3600,2700.0,14.999999999999996,1100.0000000000005,35.55555555555554
244.29758549354165,2,3,60,45,3600,2400.0,20.0,566.6666666666658,47.407407407407426
1829.277893356613,1,4,60,45,3600,2700.0,14.999999999999998,1709.4218253316124,22.012848325964175
2269.779861607622,1,4,60,45,3600,2400.0,19.999999999999996,1379.2291004421495,29.3504644346189
2683.281572999748,1,4,60,45,3600,2100.0,24.999999999999996,1049.0363755526866,36.68808054327363
3076.466446052885,1,4,60,45,3600,1800.0000000000002,29.999999999999996,718.8436506632246,44.02569665192834
3453.5223819643656,1,4,60,45,3600,1500.0000000000005,34.99999999999999,388.6509257737618,51.36331276058307
379.4733192202055,2,4,60,45,3600,3000.0,10.0,1900.0000000000002,17.777777777777775
464.75800154488996,2,4,60,45,3600,2700.0,14.999999999999996,1500.0000000000005,26.666666666666657
536.6563145999495,2,4,60,45,3600,2400.0,19.999999999999996,1100.0,35.55555555555556
600.0,2,4,60,45,3600,2100.0,24.999999999999996,699.9999999999998,44.44444444444445
657.2670690061993,2,4,60,45,3600,1799.9999999999998,30.000000000000004,299.99999999999955,53.33333333333334
142.26235280311383,3,4,60,45,3600,3000.0,10.0,1277.777777777777,31.604938271604958
157.43917370123444,3,4,60,45,3600,2700.0,15.0,566.6666666666665,47.40740740740741
464.75800154488996,1,2,60,50,3600,2700.0,14.999999999999996,1920.0000000000002,21.59999999999999
536.6563145999495,1,2,60,50,3600,2400.0,19.999999999999996,1560.0,28.8
600.0,1,2,60,50,3600,2100.0,24.999999999999996,1199.9999999999995,36.00000000000001
657.2670690061993,1,2,60,50,3600,1799.9999999999998,30.000000000000004,840.0000000000002,43.199999999999996
709.929573971954,1,2,60,50,3600,1499.9999999999995,35.00000000000001,479.9999999999997,50.400000000000006
1326.2513395105398,1,3,60,50,3600,2399.9999999999995,20.000000000000007,1685.4658619876013,26.29068276024798
1538.9783520090277,1,3,60,50,3600,2100.0,24.999999999999996,1356.832327484502,32.86335345030996
1737.8808922901342,1,3,60,50,3600,1800.0,30.0,1028.1987929814022,39.436024140371956
1925.9774650171437,1,3,60,50,3600,1500.0000000000005,34.99999999999999,699.5652584783023,46.00869483043395
2105.2927715132646,1,3,60,50,3600,1199.9999999999995,40.00000000000001,370.93172397520283,52.58136552049594
193.89912210286957,2,3,60,50,3600,3000.0,9.999999999999998,2136.0000000000005,17.279999999999994
221.95908668974235,2,3,60,50,3600,2700.0,14.999999999999996,1704.0000000000007,25.919999999999987
244.29758549354165,2,3,60,50,3600,2400.0,20.0,1272.0,34.56
263.16159643915796,2,3,60,50,3600,2100.000000000001,24.99999999999999,840.0000000000013,43.199999999999974
279.6509255358473,2,3,60,50,3600,1800.0000000000007,29.99999999999999,408.00000000000125,51.839999999999975
2269.779861607622,1,4,60,50,3600,2400.0,19.999999999999996,1724.809716980867,25.50380566038266
2683.281572999748,1,4,60,50,3600,2100.0,24.999999999999996,1406.0121462260834,31.87975707547833
3076.466446052885,1,4,60,50,3600,1800.0000000000002,29.999999999999996,1087.2145754713003,38.255708490573994
3453.5223819643656,1,4,60,50,3600,1500.0000000000005,34.99999999999999,768.4170047165171,44.63165990566966
3817.2994980818435,1,4,60,50,3600,1200.0000000000005,39.99999999999999,449.6194339617336,51.00761132076533
464.75800154488996,2,4,60,50,3600,2700.0,14.999999999999996,1920.0000000000002,21.59999999999999
536.6563145999495,2,4,60,50,3600,2400.0,19.999999999999996,1560.0,28.8
600.0,2,4,60,50,3600,2100.0,24.999999999999996,1199.9999999999995,36.00000000000001
657.2670690061993,2,4,60,50,3600,1799.9999999999998,30.000000000000004,840.0000000000002,43.199999999999996
709.929573971954,2,4,60,50,3600,1499.9999999999995,35.00000000000001,479.9999999999997,50.400000000000006
142.26235280311383,3,4,60,50,3600,3000.0,10.0,1963.1999999999994,20.73600000000001
157.43917370123444,3,4,60,50,3600,2700.0,15.0,1444.8,31.104
169.17940215049026,3,4,60,50,3600,2400.0,20.0,926.4,41.472
178.88543819998318,3,4,60,50,3600,2099.999999999999,25.000000000000014,407.9999999999984,51.84000000000003
657.2670690061993,1,2,60,55,3600,1799.9999999999998,30.000000000000004,1336.3636363636363,35.70247933884298
709.929573971954,1,2,60,55,3600,1499.9999999999995,35.00000000000001,1009.0909090909083,41.652892561983485
758.946638440411,1,2,60,55,3600,1200.0,40.0,681.8181818181827,47.60330578512395
804.9844718999243,1,2,60,55,3600,900.0,45.0,354.5454545454548,53.55371900826446
2105.2927715132646,1,3,60,55,3600,1199.9999999999995,40.00000000000001,793.2817542379508,45.5766953774918
2277.268196314724,1,3,60,55,3600,900.0,45.0,479.9419735176957,51.27378229967826
244.29758549354165,2,3,60,55,3600,2400.0,20.0,1871.9008264462805,25.965439519158533
263.16159643915796,2,3,60,55,3600,2100.000000000001,24.99999999999999,1514.8760330578525,32.456799398948135
279.6509255358473,2,3,60,55,3600,1800.0000000000007,29.99999999999999,1157.8512396694232,38.94815927873776
294.3959679169731,2,3,60,55,3600,1500.0000000000014,34.99999999999998,800.8264462809929,45.4395191585274
307.7956704018055,2,3,60,55,3600,1200.0000000000005,39.99999999999999,443.8016528925614,51.930879038317066
4169.851867037769,1,4,60,55,3600,900.0000000000005,44.99999999999999,520.5430543195181,50.53558083055422
657.2670690061993,2,4,60,55,3600,1799.9999999999998,30.000000000000004,1336.3636363636363,35.70247933884298
709.929573971954,2,4,60,55,3600,1499.9999999999995,35.00000000000001,1009.0909090909083,41.652892561983485
758.946638440411,2,4,60,55,3600,1200.0,40.0,681.8181818181827,47.60330578512395
804.9844718999243,2,4,60,55,3600,900.0,45.0,354.5454545454548,53.55371900826446
157.43917370123444,3,4,60,55,3600,2700.0,15.0,2131.5552216378665,21.244450515675158
169.17940215049026,3,4,60,55,3600,2400.0,20.0,1742.073628850488,28.32593402090022
178.88543819998318,3,4,60,55,3600,2099.999999999999,25.000000000000014,1352.5920360631092,35.407417526125286
187.22778554565727,3,4,60,55,3600,1800.0000000000011,29.999999999999982,963.110443275733,42.48890103135031
194.583942327823,3,4,60,55,3600,1500.0000000000005,34.99999999999999,573.6288504883547,49.57038453657537
442.7188724235731,1,2,70,35,4200,3500.0,10.0,700.0,40.0
974.7336550586839,1,3,70,35,4200,3500.0,9.999999999999998,1110.0505063388337,28.284271247461895
1277.2624190704144,1,3,70,35,4200,3150.0,14.999999999999998,615.0757595082506,42.42640687119284
1574.5557105329774,1,4,70,35,4200,3500.0,9.999999999999998,1218.055265073589,25.198420997897458
2134.157542249382,1,4,70,35,4200,3150.0,14.999999999999998,777.0828976103835,37.797631496846186
2648.0765052088923,1,4,70,35,4200,2800.0,19.999999999999996,336.110530147178,50.396841995794915
442.7188724235731,2,4,70,35,4200,3500.0,10.0,700.0,40.0
1044.3574875628756,1,3,75,25,4500,3750.0,10.000000000000002,200.96189432334216,51.96152422706631
1687.0239755710472,1,4,75,25,4500,3750.0,9.999999999999998,418.31282226944387,43.267487109222245
474.3416490252569,1,2,75,50,4500,3750.0,10.0,1875.0,22.5
580.9475019311125,1,2,75,50,4500,3375.0,14.999999999999996,1312.5000000000007,33.749999999999986
670.820393249937,1,2,75,50,4500,3000.0,20.0,749.9999999999993,45.000000000000014
1044.3574875628756,1,3,75,50,4500,3750.0,10.000000000000002,2081.441346456308,18.371173070873837
1368.4954490040154,1,3,75,50,4500,3375.0,14.999999999999998,1622.1620196844626,27.556759606310752
1657.8141743881747,1,3,75,50,4500,2999.9999999999995,20.000000000000007,1162.8826929126162,36.742346141747674
1923.7229400112844,1,3,75,50,4500,2625.0,24.999999999999996,703.6033661407711,45.92793267718458
242.37390262858693,2,3,75,50,4500,3750.0000000000005,9.999999999999995,1312.5000000000011,33.74999999999998
277.44885836217793,2,3,75,50,4500,3375.0,14.999999999999996,468.75000000000176,50.624999999999964
1687.0239755710472,1,4,75,50,4500,3750.0,9.999999999999998,2141.464318085001,17.170713638299976
2286.597366695766,1,4,75,50,4500,3375.0,14.999999999999998,1712.1964771275018,25.75607045744996
2837.2248270095274,1,4,75,50,4500,3000.0,19.999999999999996,1282.9286361700024,34.34142727659995
3354.1019662496847,1,4,75,50,4500,2625.0,24.999999999999996,853.6607952125031,42.92678409574994
3845.5830575661066,1,4,75,50,4500,2250.0000000000005,29.999999999999996,424.3929542550038,51.51214091489992
474.3416490252569,2,4,75,50,4500,3750.0,10.0,1875.0,22.5
580.9475019311125,2,4,75,50,4500,3375.0,14.999999999999996,1312.5000000000007,33.749999999999986
670.820393249937,2,4,75,50,4500,3000.0,20.0,749.9999999999993,45.000000000000014
177.82794100389228,3,4,75,50,4500,3750.0,10.0,468.7500000000014,50.62499999999997
